id_avaliacao;matricula;ciclo;data_avaliacao;tipo_avaliacao;avaliador_matricula;avaliador_nome;nota;meta_percentual;peso;principais_entregas;status_registro
AVL00001;EMP0001;2025-S1;2025-07-10;Avaliacao do Gestor;;;5;86,8;100;Renegociou 13 contratos de foodservice no setor de mineracao;Concluida
AVL00002;EMP0001;2025-S1;2025-07-10;Autoavaliacao;;;5;76,9;0;Adequou o processo ao checklist de auditoria, com 22 nao conformidades;Pendente
AVL00003;EMP0001;2025-S2;2026-01-15;Avaliacao do Gestor;;;5;94,3;100;Aumento de 24% no volume da regiao apos a campanha de verao e Recuperou R$ 25 mil de contas a receber em atraso;Concluida
AVL00004;EMP0001;2025-S2;2026-01-15;Autoavaliacao;;;5;93,9;0;Implantou a rota de entrega 19 no interior da unidade e Concluiu a migracao de 20 usuarios para o novo sistema de vendas;Pendente
AVL00005;EMP0001;2025-S2;2026-02-20;Calibracao 360;;Comite de calibracao;5;94,3;0;Avaliacao cruzada com pares do nivel;Concluida
AVL00006;EMP0002;2025-S1;2025-07-10;Avaliacao do Gestor;EMP0007;Gabriela Medeiros;3;148,0;100;Premiacao da equipe como melhor resultado trimestral do ano e Implantou a rota de entrega 13 no interior da unidade;Pendente
AVL00007;EMP0002;2025-S1;2025-07-10;Autoavaliacao;;;3;165,5;0;Treinou 18 novos profissionais e reduziu o turnover da regiao;Concluida
AVL00008;EMP0002;2025-S2;2026-01-15;Avaliacao do Gestor;EMP0007;Gabriela Medeiros;3;140,4;100;Adequou o processo ao checklist de auditoria, com 9 nao conformidades;Concluida
AVL00009;EMP0002;2025-S2;2026-01-15;Autoavaliacao;;;2;123,9;0;Aumento de 8% no volume da regiao apos a campanha de verao;Concluida
AVL00010;EMP0002;2025-S2;2026-02-20;Calibracao 360;;Comite de calibracao;4;140,4;0;Avaliacao cruzada com pares do nivel;Concluida
AVL00011;EMP0003;2025-S1;2025-07-10;Avaliacao do Gestor;EMP0013;Bianca Machado Silva;4;72,6;100;Concluiu a migracao de 4 usuarios para o novo sistema de vendas;Concluida
AVL00012;EMP0003;2025-S1;2025-07-10;Autoavaliacao;;;5;82,6;0;Treinou 20 novos profissionais e reduziu o turnover da regiao e Entregou o planejamento de demanda com 28 semanas de antecipacao;Concluida
AVL00013;EMP0003;2025-S2;2026-01-15;Avaliacao do Gestor;EMP0013;Bianca Machado Silva;4;89,7;100;Reduziu 23 dias de estoque parado no centro de distribuicao e Aumento de 13% no volume da regiao apos a campanha de verao;Concluida
AVL00014;EMP0003;2025-S2;2026-01-15;Autoavaliacao;;;5;96,4;0;Renegociou 25 contratos de foodservice no setor de mineracao e Reduziu o indice de ruptura de 12% para menos de 3%;Concluida
AVL00015;EMP0003;2025-S2;2026-02-20;Calibracao 360;;Comite de calibracao;4;89,7;0;Avaliacao cruzada com pares do nivel;Concluida
AVL00016;EMP0004;2025-S1;2025-07-10;Avaliacao do Gestor;EMP0012;Geraldo Cardoso;5;115,3;100;Treinou 8 novos profissionais e reduziu o turnover da regiao;Concluida
AVL00017;EMP0004;2025-S1;2025-07-10;Autoavaliacao;;;5;111,2;0;Aumento de 27% no volume da regiao apos a campanha de verao e Reduziu 15 dias de estoque parado no centro de distribuicao;Concluida
AVL00018;EMP0004;2025-S2;2026-01-15;Avaliacao do Gestor;EMP0012;Geraldo Cardoso;4;114,9;100;Entregou o planejamento de demanda com 21 semanas de antecipacao;Concluida
AVL00019;EMP0004;2025-S2;2026-01-15;Autoavaliacao;;;4;112,5;0;Recuperou R$ 15 mil de contas a receber em atraso e Premiacao da equipe como melhor resultado trimestral do ano;Concluida
AVL00020;EMP0005;2025-S1;2025-07-10;Avaliacao do Gestor;EMP0011;Joao Pereira;4;83,9;100;Concluiu a migracao de 11 usuarios para o novo sistema de vendas;Concluida
AVL00021;EMP0005;2025-S1;2025-07-10;Autoavaliacao;;;3;137,7;0;Adequou o processo ao checklist de auditoria, com 21 nao conformidades e Premiacao da equipe como melhor resultado trimestral do ano;Concluida
AVL00022;EMP0005;2025-S2;2026-01-15;Avaliacao do Gestor;EMP0011;Joao Pereira;3;99,9;100;Entregou o planejamento de demanda com 24 semanas de antecipacao;Concluida
AVL00023;EMP0005;2025-S2;2026-01-15;Autoavaliacao;;;3;110,2;0;Premiacao da equipe como melhor resultado trimestral do ano;Concluida
AVL00024;EMP0006;2025-S1;2025-07-10;Avaliacao do Gestor;EMP0029;Caio Silva Soares;3;124,6;100;Reduziu 14 dias de estoque parado no centro de distribuicao e Abriu 25 novos pontos de venda no canal de foodservice;Concluida
AVL00025;EMP0006;2025-S1;2025-07-10;Autoavaliacao;;;4;124,8;0;Entregou o planejamento de demanda com 27 semanas de antecipacao e Concluiu a migracao de 22 usuarios para o novo sistema de vendas;Concluida
AVL00026;EMP0006;2025-S2;2026-01-15;Avaliacao do Gestor;EMP0029;Caio Silva Soares;3;145,3;100;Entregou o planejamento de demanda com 6 semanas de antecipacao;Concluida
AVL00027;EMP0006;2025-S2;2026-01-15;Autoavaliacao;;;3;133,1;0;Reduziu 15 dias de estoque parado no centro de distribuicao e Treinou 11 novos profissionais e reduziu o turnover da regiao;Concluida
AVL00028;EMP0007;2025-S1;2025-07-10;Avaliacao do Gestor;EMP0041;Bianca Vieira;4;101,6;100;Adequou o processo ao checklist de auditoria, com 22 nao conformidades;Concluida
AVL00029;EMP0007;2025-S1;2025-07-10;Autoavaliacao;;;4;96,4;0;Renegociou 25 contratos de foodservice no setor de mineracao e Entregou o planejamento de demanda com 17 semanas de antecipacao;Concluida
AVL00030;EMP0007;2025-S2;2026-01-15;Avaliacao do Gestor;EMP0041;Bianca Vieira;4;97,3;100;Abriu 8 novos pontos de venda no canal de foodservice;Concluida
AVL00031;EMP0007;2025-S2;2026-01-15;Autoavaliacao;;;5;128,1;0;Adequou o processo ao checklist de auditoria, com 23 nao conformidades e Aumento de 9% no volume da regiao apos a campanha de verao;Concluida
AVL00032;EMP0007;2025-S2;2026-02-20;Calibracao 360;;Comite de calibracao;5;97,3;0;Avaliacao cruzada com pares do nivel;Concluida
AVL00033;EMP0008;2025-S1;2025-07-10;Avaliacao do Gestor;EMP0023;Vitoria Silva Pinto;5;145,0;100;Entregou o planejamento de demanda com 5 semanas de antecipacao;Concluida
AVL00034;EMP0008;2025-S1;2025-07-10;Autoavaliacao;;;5;143,2;0;Adequou o processo ao checklist de auditoria, com 4 nao conformidades;Concluida
AVL00035;EMP0008;2025-S2;2026-01-15;Avaliacao do Gestor;EMP0023;Vitoria Silva Pinto;5;135,9;100;Reduziu 4 dias de estoque parado no centro de distribuicao e Entregou o planejamento de demanda com 28 semanas de antecipacao;Concluida
AVL00036;EMP0008;2025-S2;2026-01-15;Autoavaliacao;;;4;128,9;0;Premiacao da equipe como melhor resultado trimestral do ano;Concluida
AVL00037;EMP0008;2025-S2;2026-02-20;Calibracao 360;;Comite de calibracao;4;135,9;0;Avaliacao cruzada com pares do nivel;Concluida
AVL00038;EMP0009;2025-S1;2025-07-10;Avaliacao do Gestor;EMP0043;Pedro Freitas Lima;4;65,8;100;Reduziu o indice de ruptura de 18% para menos de 3% e Renegociou 23 contratos de foodservice no setor de mineracao;Concluida
AVL00039;EMP0009;2025-S1;2025-07-10;Autoavaliacao;;;5;102,4;0;Renegociou 6 contratos de foodservice no setor de mineracao e Premiacao da equipe como melhor resultado trimestral do ano;Concluida
AVL00040;EMP0009;2025-S2;2026-01-15;Avaliacao do Gestor;EMP0043;Pedro Freitas Lima;4;106,2;100;Reduziu 10 dias de estoque parado no centro de distribuicao;Concluida
AVL00041;EMP0009;2025-S2;2026-01-15;Autoavaliacao;;;3;109,0;0;Reduziu 18 dias de estoque parado no centro de distribuicao;Concluida
AVL00042;EMP0010;2025-S1;2025-07-10;Avaliacao do Gestor;EMP0035;Murilo Pereira Almeida;4;126,8;100;Entregou o planejamento de demanda com 21 semanas de antecipacao e Aumento de 28% no volume da regiao apos a campanha de verao;Concluida
AVL00043;EMP0010;2025-S1;2025-07-10;Autoavaliacao;;;5;81,9;0;Recuperou R$ 27 mil de contas a receber em atraso e Abriu 5 novos pontos de venda no canal de foodservice;Concluida
AVL00044;EMP0010;2025-S2;2026-01-15;Avaliacao do Gestor;EMP0035;Murilo Pereira Almeida;5;100,3;100;Entregou o planejamento de demanda com 26 semanas de antecipacao e Reduziu 23 dias de estoque parado no centro de distribuicao;Concluida
AVL00045;EMP0010;2025-S2;2026-01-15;Autoavaliacao;;;5;140,5;0;Entregou o planejamento de demanda com 19 semanas de antecipacao e Recuperou R$ 22 mil de contas a receber em atraso;Concluida
AVL00046;EMP0010;2025-S2;2026-02-20;Calibracao 360;;Comite de calibracao;5;100,3;0;Avaliacao cruzada com pares do nivel;Concluida
AVL00047;EMP0011;2025-S1;2025-07-10;Avaliacao do Gestor;EMP0022;Fernanda Souza;3;110,7;100;Recuperou R$ 26 mil de contas a receber em atraso;Concluida
AVL00048;EMP0011;2025-S1;2025-07-10;Autoavaliacao;;;4;78,9;0;Concluiu a migracao de 10 usuarios para o novo sistema de vendas e Reduziu o indice de ruptura de 14% para menos de 3%;Concluida
AVL00049;EMP0011;2025-S2;2026-01-15;Avaliacao do Gestor;EMP0022;Fernanda Souza;4;89,8;100;Implantou a rota de entrega 14 no interior da unidade;Concluida
AVL00050;EMP0011;2025-S2;2026-01-15;Autoavaliacao;;;4;92,5;0;Premiacao da equipe como melhor resultado trimestral do ano;Concluida
AVL00051;EMP0011;2025-S2;2026-02-20;Calibracao 360;;Comite de calibracao;3;89,8;0;Avaliacao cruzada com pares do nivel;Concluida
AVL00052;EMP0012;2025-S1;2025-07-10;Avaliacao do Gestor;EMP0033;Renata Almeida;2;28,5;100;Premiacao da equipe como melhor resultado trimestral do ano;Concluida
AVL00053;EMP0012;2025-S1;2025-07-10;Autoavaliacao;;;3;82,4;0;Reduziu 6 dias de estoque parado no centro de distribuicao e Concluiu a migracao de 12 usuarios para o novo sistema de vendas;Concluida
AVL00054;EMP0012;2025-S2;2026-01-15;Avaliacao do Gestor;EMP0033;Renata Almeida;3;60,0;100;Recuperou R$ 4 mil de contas a receber em atraso;Concluida
AVL00055;EMP0012;2025-S2;2026-01-15;Autoavaliacao;;;3;51,5;0;Implantou a rota de entrega 17 no interior da unidade;Concluida
AVL00056;EMP0012;2025-S2;2026-02-20;Calibracao 360;;Comite de calibracao;2;60,0;0;Avaliacao cruzada com pares do nivel;Concluida
AVL00057;EMP0013;2025-S1;2025-07-10;Avaliacao do Gestor;EMP0044;Marina Lima Farias;3;109,4;100;Implantou a rota de entrega 24 no interior da unidade e Reduziu o indice de ruptura de 24% para menos de 3%;Concluida
AVL00058;EMP0013;2025-S1;2025-07-10;Autoavaliacao;;;3;95,5;0;Adequou o processo ao checklist de auditoria, com 6 nao conformidades;Concluida
AVL00059;EMP0013;2025-S2;2026-01-15;Avaliacao do Gestor;EMP0044;Marina Lima Farias;4;103,7;100;Concluiu a migracao de 24 usuarios para o novo sistema de vendas;Concluida
AVL00060;EMP0013;2025-S2;2026-01-15;Autoavaliacao;;;5;117,3;0;Adequou o processo ao checklist de auditoria, com 28 nao conformidades;Concluida
AVL00061;EMP0013;2025-S2;2026-02-20;Calibracao 360;;Comite de calibracao;3;103,7;0;Avaliacao cruzada com pares do nivel;Concluida
AVL00062;EMP0014;2025-S1;2025-07-10;Avaliacao do Gestor;EMP0026;Murilo Soares Freitas;3;150,6;100;Reduziu o indice de ruptura de 8% para menos de 3% e Entregou o planejamento de demanda com 17 semanas de antecipacao;Concluida
AVL00063;EMP0014;2025-S1;2025-07-10;Autoavaliacao;;;4;150,0;0;Premiacao da equipe como melhor resultado trimestral do ano e Implantou a rota de entrega 17 no interior da unidade;Concluida
AVL00064;EMP0014;2025-S2;2026-01-15;Avaliacao do Gestor;EMP0026;Murilo Soares Freitas;3;143,3;100;Implantou a rota de entrega 28 no interior da unidade;Concluida
AVL00065;EMP0014;2025-S2;2026-01-15;Autoavaliacao;;;3;133,9;0;Abriu 24 novos pontos de venda no canal de foodservice e Adequou o processo ao checklist de auditoria, com 21 nao conformidades;Concluida
AVL00066;EMP0015;2025-S1;2025-07-10;Avaliacao do Gestor;EMP0025;Juliana Farias Barbosa;4;127,7;100;Recuperou R$ 23 mil de contas a receber em atraso;Concluida
AVL00067;EMP0015;2025-S1;2025-07-10;Autoavaliacao;;;3;89,3;0;Implantou a rota de entrega 4 no interior da unidade e Treinou 8 novos profissionais e reduziu o turnover da regiao;Pendente
AVL00068;EMP0015;2025-S2;2026-01-15;Avaliacao do Gestor;EMP0025;Juliana Farias Barbosa;3;96,9;100;Entregou o planejamento de demanda com 23 semanas de antecipacao e Concluiu a migracao de 12 usuarios para o novo sistema de vendas;Concluida
AVL00069;EMP0015;2025-S2;2026-01-15;Autoavaliacao;;;2;83,2;0;Adequou o processo ao checklist de auditoria, com 6 nao conformidades;Concluida
AVL00070;EMP0016;2025-S1;2025-07-10;Avaliacao do Gestor;EMP0020;Flavio Gomes;4;122,3;100;Adequou o processo ao checklist de auditoria, com 26 nao conformidades e Renegociou 10 contratos de foodservice no setor de mineracao;Concluida
AVL00071;EMP0016;2025-S1;2025-07-10;Autoavaliacao;;;4;154,1;0;Adequou o processo ao checklist de auditoria, com 16 nao conformidades;Concluida
AVL00072;EMP0016;2025-S2;2026-01-15;Avaliacao do Gestor;EMP0020;Flavio Gomes;3;121,0;100;Reduziu 8 dias de estoque parado no centro de distribuicao;Concluida
AVL00073;EMP0016;2025-S2;2026-01-15;Autoavaliacao;;;3;138,1;0;Aumento de 27% no volume da regiao apos a campanha de verao;Concluida
AVL00074;EMP0016;2025-S2;2026-02-20;Calibracao 360;;Comite de calibracao;4;121,0;0;Avaliacao cruzada com pares do nivel;Concluida
AVL00075;EMP0018;2025-S1;2025-07-10;Avaliacao do Gestor;EMP0022;Fernanda Souza;4;110,7;100;Entregou o planejamento de demanda com 19 semanas de antecipacao e Implantou a rota de entrega 13 no interior da unidade;Concluida
AVL00076;EMP0018;2025-S1;2025-07-10;Autoavaliacao;;;3;128,9;0;Entregou o planejamento de demanda com 22 semanas de antecipacao e Aumento de 16% no volume da regiao apos a campanha de verao;Concluida
AVL00077;EMP0018;2025-S2;2026-01-15;Avaliacao do Gestor;EMP0022;Fernanda Souza;3;119,9;100;Abriu 9 novos pontos de venda no canal de foodservice e Reduziu 11 dias de estoque parado no centro de distribuicao;Concluida
AVL00078;EMP0018;2025-S2;2026-01-15;Autoavaliacao;;;4;154,7;0;Implantou a rota de entrega 24 no interior da unidade;Pendente
AVL00079;EMP0018;2025-S2;2026-02-20;Calibracao 360;;Comite de calibracao;4;119,9;0;Avaliacao cruzada com pares do nivel;Concluida
AVL00080;EMP0019;2025-S1;2025-07-10;Avaliacao do Gestor;EMP0034;Carolina Macedo;4;127,5;100;Implantou a rota de entrega 7 no interior da unidade e Concluiu a migracao de 16 usuarios para o novo sistema de vendas;Concluida
AVL00081;EMP0019;2025-S1;2025-07-10;Autoavaliacao;;;3;86,9;0;Premiacao da equipe como melhor resultado trimestral do ano e Implantou a rota de entrega 11 no interior da unidade;Concluida
AVL00082;EMP0019;2025-S2;2026-01-15;Avaliacao do Gestor;EMP0034;Carolina Macedo;3;113,7;100;Entregou o planejamento de demanda com 23 semanas de antecipacao;Concluida
AVL00083;EMP0019;2025-S2;2026-01-15;Autoavaliacao;;;2;160,4;0;Concluiu a migracao de 11 usuarios para o novo sistema de vendas e Reduziu o indice de ruptura de 8% para menos de 3%;Concluida
AVL00084;EMP0019;2025-S2;2026-02-20;Calibracao 360;;Comite de calibracao;2;113,7;0;Avaliacao cruzada com pares do nivel;Concluida
AVL00085;EMP0020;2025-S1;2025-07-10;Avaliacao do Gestor;EMP0054;Luiz Freitas Almeida;4;116,9;100;Reduziu o indice de ruptura de 11% para menos de 3%;Concluida
AVL00086;EMP0020;2025-S1;2025-07-10;Autoavaliacao;;;5;95,8;0;Abriu 21 novos pontos de venda no canal de foodservice e Aumento de 24% no volume da regiao apos a campanha de verao;Concluida
AVL00087;EMP0020;2025-S2;2026-01-15;Avaliacao do Gestor;EMP0054;Luiz Freitas Almeida;4;73,1;100;Aumento de 6% no volume da regiao apos a campanha de verao e Premiacao da equipe como melhor resultado trimestral do ano;Concluida
AVL00088;EMP0020;2025-S2;2026-01-15;Autoavaliacao;;;4;81,2;0;Premiacao da equipe como melhor resultado trimestral do ano e Abriu 19 novos pontos de venda no canal de foodservice;Concluida
AVL00089;EMP0021;2025-S1;2025-07-10;Avaliacao do Gestor;EMP0067;Jose Bezerra Moura;3;147,2;100;Renegociou 8 contratos de foodservice no setor de mineracao;Concluida
AVL00090;EMP0021;2025-S1;2025-07-10;Autoavaliacao;;;4;137,2;0;Adequou o processo ao checklist de auditoria, com 28 nao conformidades e Recuperou R$ 11 mil de contas a receber em atraso;Concluida
AVL00091;EMP0021;2025-S2;2026-01-15;Avaliacao do Gestor;EMP0067;Jose Bezerra Moura;3;129,1;100;Concluiu a migracao de 22 usuarios para o novo sistema de vendas;Concluida
AVL00092;EMP0021;2025-S2;2026-01-15;Autoavaliacao;;;4;148,5;0;Reduziu 8 dias de estoque parado no centro de distribuicao;Concluida
AVL00093;EMP0021;2025-S2;2026-02-20;Calibracao 360;;Comite de calibracao;4;129,1;0;Avaliacao cruzada com pares do nivel;Concluida
AVL00094;EMP0022;2025-S1;2025-07-10;Avaliacao do Gestor;EMP0045;Andre Moreira Soares;4;67,0;100;Premiacao da equipe como melhor resultado trimestral do ano e Aumento de 5% no volume da regiao apos a campanha de verao;Concluida
AVL00095;EMP0022;2025-S1;2025-07-10;Autoavaliacao;;;4;119,3;0;Reduziu o indice de ruptura de 17% para menos de 3% e Implantou a rota de entrega 7 no interior da unidade;Concluida
AVL00096;EMP0022;2025-S2;2026-01-15;Avaliacao do Gestor;EMP0045;Andre Moreira Soares;4;81,9;100;Implantou a rota de entrega 12 no interior da unidade e Abriu 19 novos pontos de venda no canal de foodservice;Concluida
AVL00097;EMP0022;2025-S2;2026-01-15;Autoavaliacao;;;5;97,3;0;Abriu 26 novos pontos de venda no canal de foodservice;Concluida
AVL00098;EMP0023;2025-S1;2025-07-10;Avaliacao do Gestor;EMP0067;Jose Bezerra Moura;3;120,8;100;Reduziu 11 dias de estoque parado no centro de distribuicao e Aumento de 8% no volume da regiao apos a campanha de verao;Pendente
AVL00099;EMP0023;2025-S1;2025-07-10;Autoavaliacao;;;5;92,2;0;Reduziu 25 dias de estoque parado no centro de distribuicao;Concluida
AVL00100;EMP0023;2025-S2;2026-01-15;Avaliacao do Gestor;EMP0067;Jose Bezerra Moura;4;95,0;100;Reduziu o indice de ruptura de 6% para menos de 3%;Concluida
AVL00101;EMP0023;2025-S2;2026-01-15;Autoavaliacao;;;4;99,6;0;Premiacao da equipe como melhor resultado trimestral do ano e Reduziu o indice de ruptura de 17% para menos de 3%;Concluida
AVL00102;EMP0024;2025-S1;2025-07-10;Avaliacao do Gestor;EMP0057;Thiago Farias;2;75,3;100;Adequou o processo ao checklist de auditoria, com 21 nao conformidades e Reduziu 8 dias de estoque parado no centro de distribuicao;Concluida
AVL00103;EMP0024;2025-S1;2025-07-10;Autoavaliacao;;;2;128,2;0;Adequou o processo ao checklist de auditoria, com 10 nao conformidades;Concluida
AVL00104;EMP0024;2025-S2;2026-01-15;Avaliacao do Gestor;EMP0057;Thiago Farias;3;95,3;100;Reduziu 20 dias de estoque parado no centro de distribuicao;Concluida
AVL00105;EMP0024;2025-S2;2026-01-15;Autoavaliacao;;;3;104,2;0;Implantou a rota de entrega 15 no interior da unidade;Concluida
AVL00106;EMP0024;2025-S2;2026-02-20;Calibracao 360;;Comite de calibracao;3;95,3;0;Avaliacao cruzada com pares do nivel;Concluida
AVL00107;EMP0025;2025-S1;2025-07-10;Avaliacao do Gestor;EMP0060;Mariana Dias;4;94,7;100;Treinou 22 novos profissionais e reduziu o turnover da regiao;Concluida
AVL00108;EMP0025;2025-S1;2025-07-10;Autoavaliacao;;;5;103,7;0;Treinou 5 novos profissionais e reduziu o turnover da regiao;Concluida
AVL00109;EMP0025;2025-S2;2026-01-15;Avaliacao do Gestor;EMP0060;Mariana Dias;4;80,1;100;Reduziu o indice de ruptura de 9% para menos de 3% e Recuperou R$ 11 mil de contas a receber em atraso;Concluida
AVL00110;EMP0025;2025-S2;2026-01-15;Autoavaliacao;;;4;67,6;0;Treinou 15 novos profissionais e reduziu o turnover da regiao e Implantou a rota de entrega 10 no interior da unidade;Concluida
AVL00111;EMP0025;2025-S2;2026-02-20;Calibracao 360;;Comite de calibracao;5;80,1;0;Avaliacao cruzada com pares do nivel;Concluida
AVL00112;EMP0027;2025-S1;2025-07-10;Avaliacao do Gestor;EMP0056;Gabriela Santana Teixeira;4;79,6;100;Recuperou R$ 8 mil de contas a receber em atraso;Concluida
AVL00113;EMP0027;2025-S1;2025-07-10;Autoavaliacao;;;5;106,3;0;Adequou o processo ao checklist de auditoria, com 20 nao conformidades;Concluida
AVL00114;EMP0027;2025-S2;2026-01-15;Avaliacao do Gestor;EMP0056;Gabriela Santana Teixeira;4;97,6;100;Premiacao da equipe como melhor resultado trimestral do ano e Recuperou R$ 25 mil de contas a receber em atraso;Concluida
AVL00115;EMP0027;2025-S2;2026-01-15;Autoavaliacao;;;4;83,8;0;Renegociou 15 contratos de foodservice no setor de mineracao;Concluida
AVL00116;EMP0028;2025-S1;2025-07-10;Avaliacao do Gestor;EMP0045;Andre Moreira Soares;5;126,0;100;Premiacao da equipe como melhor resultado trimestral do ano e Reduziu o indice de ruptura de 13% para menos de 3%;Concluida
AVL00117;EMP0028;2025-S1;2025-07-10;Autoavaliacao;;;3;123,1;0;Implantou a rota de entrega 25 no interior da unidade;Concluida
AVL00118;EMP0028;2025-S2;2026-01-15;Avaliacao do Gestor;EMP0045;Andre Moreira Soares;4;89,6;100;Premiacao da equipe como melhor resultado trimestral do ano;Concluida
AVL00119;EMP0028;2025-S2;2026-01-15;Autoavaliacao;;;5;95,1;0;Adequou o processo ao checklist de auditoria, com 4 nao conformidades;Concluida
AVL00120;EMP0028;2025-S2;2026-02-20;Calibracao 360;;Comite de calibracao;4;89,6;0;Avaliacao cruzada com pares do nivel;Concluida
AVL00121;EMP0029;2025-S1;2025-07-10;Avaliacao do Gestor;EMP0061;Paula Bezerra;3;100,8;100;Treinou 20 novos profissionais e reduziu o turnover da regiao e Reduziu o indice de ruptura de 5% para menos de 3%;Concluida
AVL00122;EMP0029;2025-S1;2025-07-10;Autoavaliacao;;;4;91,0;0;Reduziu 10 dias de estoque parado no centro de distribuicao e Entregou o planejamento de demanda com 11 semanas de antecipacao;Concluida
AVL00123;EMP0029;2025-S2;2026-01-15;Avaliacao do Gestor;EMP0061;Paula Bezerra;4;106,4;100;Recuperou R$ 22 mil de contas a receber em atraso;Pendente
AVL00124;EMP0029;2025-S2;2026-01-15;Autoavaliacao;;;5;102,6;0;Adequou o processo ao checklist de auditoria, com 21 nao conformidades e Entregou o planejamento de demanda com 15 semanas de antecipacao;Concluida
AVL00125;EMP0029;2025-S2;2026-02-20;Calibracao 360;;Comite de calibracao;3;106,4;0;Avaliacao cruzada com pares do nivel;Concluida
AVL00126;EMP0030;2025-S1;2025-07-10;Avaliacao do Gestor;EMP0058;Michele Teixeira;3;58,3;100;Adequou o processo ao checklist de auditoria, com 7 nao conformidades e Reduziu 23 dias de estoque parado no centro de distribuicao;Pendente
AVL00127;EMP0030;2025-S1;2025-07-10;Autoavaliacao;;;2;105,4;0;Aumento de 4% no volume da regiao apos a campanha de verao e Renegociou 15 contratos de foodservice no setor de mineracao;Concluida
AVL00128;EMP0030;2025-S2;2026-01-15;Avaliacao do Gestor;EMP0058;Michele Teixeira;3;77,3;100;Aumento de 28% no volume da regiao apos a campanha de verao e Reduziu 8 dias de estoque parado no centro de distribuicao;Concluida
AVL00129;EMP0030;2025-S2;2026-01-15;Autoavaliacao;;;2;72,7;0;Entregou o planejamento de demanda com 20 semanas de antecipacao e Recuperou R$ 28 mil de contas a receber em atraso;Concluida
AVL00130;EMP0030;2025-S2;2026-02-20;Calibracao 360;;Comite de calibracao;2;77,3;0;Avaliacao cruzada com pares do nivel;Concluida
AVL00131;EMP0033;2025-S1;2025-07-10;Avaliacao do Gestor;EMP0057;Thiago Farias;4;138,5;100;Reduziu 28 dias de estoque parado no centro de distribuicao e Entregou o planejamento de demanda com 6 semanas de antecipacao;Concluida
AVL00132;EMP0033;2025-S1;2025-07-10;Autoavaliacao;;;3;116,0;0;Abriu 27 novos pontos de venda no canal de foodservice e Implantou a rota de entrega 27 no interior da unidade;Concluida
AVL00133;EMP0033;2025-S2;2026-01-15;Avaliacao do Gestor;EMP0057;Thiago Farias;4;106,9;100;Aumento de 24% no volume da regiao apos a campanha de verao e Recuperou R$ 8 mil de contas a receber em atraso;Concluida
AVL00134;EMP0033;2025-S2;2026-01-15;Autoavaliacao;;;3;127,8;0;Premiacao da equipe como melhor resultado trimestral do ano e Aumento de 22% no volume da regiao apos a campanha de verao;Concluida
AVL00135;EMP0033;2025-S2;2026-02-20;Calibracao 360;;Comite de calibracao;3;106,9;0;Avaliacao cruzada com pares do nivel;Concluida
AVL00136;EMP0034;2025-S1;2025-07-10;Avaliacao do Gestor;EMP0061;Paula Bezerra;3;90,5;100;Premiacao da equipe como melhor resultado trimestral do ano;Concluida
AVL00137;EMP0034;2025-S1;2025-07-10;Autoavaliacao;;;3;78,5;0;Premiacao da equipe como melhor resultado trimestral do ano;Concluida
AVL00138;EMP0034;2025-S2;2026-01-15;Avaliacao do Gestor;EMP0061;Paula Bezerra;3;88,9;100;Reduziu 17 dias de estoque parado no centro de distribuicao e Treinou 23 novos profissionais e reduziu o turnover da regiao;Concluida
AVL00139;EMP0034;2025-S2;2026-01-15;Autoavaliacao;;;3;118,9;0;Recuperou R$ 20 mil de contas a receber em atraso;Concluida
AVL00140;EMP0035;2025-S1;2025-07-10;Avaliacao do Gestor;EMP0049;Cristina Lima;2;134,1;100;Aumento de 26% no volume da regiao apos a campanha de verao;Concluida
AVL00141;EMP0035;2025-S1;2025-07-10;Autoavaliacao;;;1;66,8;0;Reduziu o indice de ruptura de 20% para menos de 3%;Concluida
AVL00142;EMP0035;2025-S2;2026-01-15;Avaliacao do Gestor;EMP0049;Cristina Lima;2;97,6;100;Adequou o processo ao checklist de auditoria, com 21 nao conformidades;Concluida
AVL00143;EMP0035;2025-S2;2026-01-15;Autoavaliacao;;;1;99,0;0;Premiacao da equipe como melhor resultado trimestral do ano;Concluida
AVL00144;EMP0035;2025-S2;2026-02-20;Calibracao 360;;Comite de calibracao;2;97,6;0;Avaliacao cruzada com pares do nivel;Concluida
AVL00145;EMP0036;2025-S1;2025-07-10;Avaliacao do Gestor;EMP0069;Francisco Xavier;4;117,0;100;Renegociou 5 contratos de foodservice no setor de mineracao;Concluida
AVL00146;EMP0036;2025-S1;2025-07-10;Autoavaliacao;;;2;136,6;0;Reduziu 14 dias de estoque parado no centro de distribuicao;Concluida
AVL00147;EMP0036;2025-S2;2026-01-15;Avaliacao do Gestor;EMP0069;Francisco Xavier;3;123,2;100;Adequou o processo ao checklist de auditoria, com 19 nao conformidades;Concluida
AVL00148;EMP0036;2025-S2;2026-01-15;Autoavaliacao;;;4;133,4;0;Abriu 24 novos pontos de venda no canal de foodservice;Concluida
AVL00149;EMP0037;2025-S1;2025-07-10;Avaliacao do Gestor;EMP0067;Jose Bezerra Moura;2;98,8;100;Aumento de 21% no volume da regiao apos a campanha de verao;Concluida
AVL00150;EMP0037;2025-S1;2025-07-10;Autoavaliacao;;;4;75,5;0;Treinou 8 novos profissionais e reduziu o turnover da regiao;Concluida
AVL00151;EMP0037;2025-S2;2026-01-15;Avaliacao do Gestor;EMP0067;Jose Bezerra Moura;3;99,1;100;Adequou o processo ao checklist de auditoria, com 20 nao conformidades;Concluida
AVL00152;EMP0037;2025-S2;2026-01-15;Autoavaliacao;;;4;102,4;0;Abriu 23 novos pontos de venda no canal de foodservice e Entregou o planejamento de demanda com 18 semanas de antecipacao;Concluida
AVL00153;EMP0039;2025-S1;2025-07-10;Avaliacao do Gestor;EMP0061;Paula Bezerra;3;126,5;100;Concluiu a migracao de 24 usuarios para o novo sistema de vendas e Reduziu o indice de ruptura de 8% para menos de 3%;Concluida
AVL00154;EMP0039;2025-S1;2025-07-10;Autoavaliacao;;;2;101,4;0;Recuperou R$ 27 mil de contas a receber em atraso;Pendente
AVL00155;EMP0039;2025-S2;2026-01-15;Avaliacao do Gestor;EMP0061;Paula Bezerra;3;118,7;100;Aumento de 22% no volume da regiao apos a campanha de verao e Recuperou R$ 14 mil de contas a receber em atraso;Concluida
AVL00156;EMP0039;2025-S2;2026-01-15;Autoavaliacao;;;2;162,6;0;Aumento de 5% no volume da regiao apos a campanha de verao;Concluida
AVL00157;EMP0039;2025-S2;2026-02-20;Calibracao 360;;Comite de calibracao;4;118,7;0;Avaliacao cruzada com pares do nivel;Concluida
AVL00158;EMP0040;2025-S1;2025-07-10;Avaliacao do Gestor;EMP0063;Diego Barbosa;4;104,6;100;Concluiu a migracao de 17 usuarios para o novo sistema de vendas;Concluida
AVL00159;EMP0040;2025-S1;2025-07-10;Autoavaliacao;;;3;110,0;0;Recuperou R$ 4 mil de contas a receber em atraso;Concluida
AVL00160;EMP0040;2025-S2;2026-01-15;Avaliacao do Gestor;EMP0063;Diego Barbosa;3;114,1;100;Implantou a rota de entrega 4 no interior da unidade e Reduziu o indice de ruptura de 16% para menos de 3%;Concluida
AVL00161;EMP0040;2025-S2;2026-01-15;Autoavaliacao;;;4;129,3;0;Renegociou 14 contratos de foodservice no setor de mineracao;Concluida
AVL00162;EMP0040;2025-S2;2026-02-20;Calibracao 360;;Comite de calibracao;3;114,1;0;Avaliacao cruzada com pares do nivel;Concluida
AVL00163;EMP0041;2025-S1;2025-07-10;Avaliacao do Gestor;EMP0068;Heitor Santana;2;97,1;100;Adequou o processo ao checklist de auditoria, com 7 nao conformidades e Premiacao da equipe como melhor resultado trimestral do ano;Concluida
AVL00164;EMP0041;2025-S1;2025-07-10;Autoavaliacao;;;3;62,4;0;Adequou o processo ao checklist de auditoria, com 17 nao conformidades e Concluiu a migracao de 27 usuarios para o novo sistema de vendas;Concluida
AVL00165;EMP0041;2025-S2;2026-01-15;Avaliacao do Gestor;EMP0068;Heitor Santana;3;89,4;100;Reduziu o indice de ruptura de 8% para menos de 3%;Concluida
AVL00166;EMP0041;2025-S2;2026-01-15;Autoavaliacao;;;2;86,1;0;Concluiu a migracao de 14 usuarios para o novo sistema de vendas;Concluida
AVL00167;EMP0042;2025-S1;2025-07-10;Avaliacao do Gestor;EMP0057;Thiago Farias;4;60,4;100;Reduziu 15 dias de estoque parado no centro de distribuicao e Concluiu a migracao de 18 usuarios para o novo sistema de vendas;Concluida
AVL00168;EMP0042;2025-S1;2025-07-10;Autoavaliacao;;;5;106,3;0;Adequou o processo ao checklist de auditoria, com 15 nao conformidades e Recuperou R$ 7 mil de contas a receber em atraso;Concluida
AVL00169;EMP0042;2025-S2;2026-01-15;Avaliacao do Gestor;EMP0057;Thiago Farias;4;84,3;100;Concluiu a migracao de 20 usuarios para o novo sistema de vendas;Concluida
AVL00170;EMP0042;2025-S2;2026-01-15;Autoavaliacao;;;5;71,0;0;Entregou o planejamento de demanda com 25 semanas de antecipacao;Concluida
AVL00171;EMP0042;2025-S2;2026-02-20;Calibracao 360;;Comite de calibracao;3;84,3;0;Avaliacao cruzada com pares do nivel;Concluida
AVL00172;EMP0043;2025-S1;2025-07-10;Avaliacao do Gestor;EMP0066;Rosana Gomes;4;74,6;100;Concluiu a migracao de 22 usuarios para o novo sistema de vendas e Renegociou 26 contratos de foodservice no setor de mineracao;Concluida
AVL00173;EMP0043;2025-S1;2025-07-10;Autoavaliacao;;;4;85,2;0;Reduziu 7 dias de estoque parado no centro de distribuicao;Concluida
AVL00174;EMP0043;2025-S2;2026-01-15;Avaliacao do Gestor;EMP0066;Rosana Gomes;4;77,3;100;Entregou o planejamento de demanda com 27 semanas de antecipacao e Aumento de 27% no volume da regiao apos a campanha de verao;Concluida
AVL00175;EMP0043;2025-S2;2026-01-15;Autoavaliacao;;;5;109,1;0;Implantou a rota de entrega 24 no interior da unidade e Reduziu 21 dias de estoque parado no centro de distribuicao;Concluida
AVL00176;EMP0044;2025-S1;2025-07-10;Avaliacao do Gestor;EMP0064;Jose Lima;4;94,8;100;Concluiu a migracao de 5 usuarios para o novo sistema de vendas;Concluida
AVL00177;EMP0044;2025-S1;2025-07-10;Autoavaliacao;;;5;126,8;0;Reduziu o indice de ruptura de 20% para menos de 3% e Concluiu a migracao de 28 usuarios para o novo sistema de vendas;Concluida
AVL00178;EMP0044;2025-S2;2026-01-15;Avaliacao do Gestor;EMP0064;Jose Lima;4;108,4;100;Implantou a rota de entrega 17 no interior da unidade;Concluida
AVL00179;EMP0044;2025-S2;2026-01-15;Autoavaliacao;;;3;89,6;0;Premiacao da equipe como melhor resultado trimestral do ano e Recuperou R$ 27 mil de contas a receber em atraso;Concluida
AVL00180;EMP0044;2025-S2;2026-02-20;Calibracao 360;;Comite de calibracao;3;108,4;0;Avaliacao cruzada com pares do nivel;Concluida
AVL00181;EMP0045;2025-S1;2025-07-10;Avaliacao do Gestor;EMP0107;Alan Guimaraes;3;45,8;100;Reduziu 19 dias de estoque parado no centro de distribuicao e Premiacao da equipe como melhor resultado trimestral do ano;Concluida
AVL00182;EMP0045;2025-S1;2025-07-10;Autoavaliacao;;;4;57,5;0;Premiacao da equipe como melhor resultado trimestral do ano e Concluiu a migracao de 28 usuarios para o novo sistema de vendas;Concluida
AVL00183;EMP0045;2025-S2;2026-01-15;Avaliacao do Gestor;EMP0107;Alan Guimaraes;3;64,0;100;Abriu 15 novos pontos de venda no canal de foodservice e Reduziu o indice de ruptura de 10% para menos de 3%;Concluida
AVL00184;EMP0045;2025-S2;2026-01-15;Autoavaliacao;;;3;34,2;0;Reduziu 5 dias de estoque parado no centro de distribuicao e Concluiu a migracao de 9 usuarios para o novo sistema de vendas;Concluida
AVL00185;EMP0046;2025-S1;2025-07-10;Avaliacao do Gestor;EMP0122;Olvia Moura Castro;4;99,8;100;Renegociou 25 contratos de foodservice no setor de mineracao e Premiacao da equipe como melhor resultado trimestral do ano;Concluida
AVL00186;EMP0046;2025-S1;2025-07-10;Autoavaliacao;;;4;90,9;0;Reduziu o indice de ruptura de 9% para menos de 3%;Concluida
AVL00187;EMP0046;2025-S2;2026-01-15;Avaliacao do Gestor;EMP0122;Olvia Moura Castro;4;99,1;100;Adequou o processo ao checklist de auditoria, com 6 nao conformidades e Abriu 19 novos pontos de venda no canal de foodservice;Concluida
AVL00188;EMP0046;2025-S2;2026-01-15;Autoavaliacao;;;4;100,1;0;Reduziu 16 dias de estoque parado no centro de distribuicao;Pendente
AVL00189;EMP0047;2025-S1;2025-07-10;Avaliacao do Gestor;EMP0151;Luiza Macedo Fonseca;3;106,5;100;Reduziu o indice de ruptura de 28% para menos de 3% e Abriu 5 novos pontos de venda no canal de foodservice;Concluida
AVL00190;EMP0047;2025-S1;2025-07-10;Autoavaliacao;;;2;100,5;0;Adequou o processo ao checklist de auditoria, com 8 nao conformidades;Concluida
AVL00191;EMP0047;2025-S2;2026-01-15;Avaliacao do Gestor;EMP0151;Luiza Macedo Fonseca;3;99,0;100;Renegociou 8 contratos de foodservice no setor de mineracao e Treinou 24 novos profissionais e reduziu o turnover da regiao;Concluida
AVL00192;EMP0047;2025-S2;2026-01-15;Autoavaliacao;;;3;92,4;0;Entregou o planejamento de demanda com 17 semanas de antecipacao;Concluida
AVL00193;EMP0048;2025-S1;2025-07-10;Avaliacao do Gestor;EMP0109;Samuel Lima;5;79,9;100;Renegociou 10 contratos de foodservice no setor de mineracao;Concluida
AVL00194;EMP0048;2025-S1;2025-07-10;Autoavaliacao;;;4;42,1;0;Abriu 27 novos pontos de venda no canal de foodservice e Entregou o planejamento de demanda com 11 semanas de antecipacao;Pendente
AVL00195;EMP0048;2025-S2;2026-01-15;Avaliacao do Gestor;EMP0109;Samuel Lima;4;86,7;100;Concluiu a migracao de 14 usuarios para o novo sistema de vendas e Abriu 24 novos pontos de venda no canal de foodservice;Concluida
AVL00196;EMP0048;2025-S2;2026-01-15;Autoavaliacao;;;3;92,1;0;Recuperou R$ 21 mil de contas a receber em atraso;Concluida
AVL00197;EMP0049;2025-S1;2025-07-10;Avaliacao do Gestor;EMP0135;Luciano Melo Fernandes;2;115,6;100;Treinou 5 novos profissionais e reduziu o turnover da regiao;Concluida
AVL00198;EMP0049;2025-S1;2025-07-10;Autoavaliacao;;;3;106,3;0;Premiacao da equipe como melhor resultado trimestral do ano e Reduziu o indice de ruptura de 9% para menos de 3%;Concluida
AVL00199;EMP0049;2025-S2;2026-01-15;Avaliacao do Gestor;EMP0135;Luciano Melo Fernandes;3;121,2;100;Aumento de 25% no volume da regiao apos a campanha de verao;Concluida
AVL00200;EMP0049;2025-S2;2026-01-15;Autoavaliacao;;;3;118,2;0;Premiacao da equipe como melhor resultado trimestral do ano;Concluida
AVL00201;EMP0050;2025-S1;2025-07-10;Avaliacao do Gestor;EMP0093;Vinicius Vieira;3;118,4;100;Abriu 4 novos pontos de venda no canal de foodservice e Reduziu o indice de ruptura de 16% para menos de 3%;Pendente
AVL00202;EMP0050;2025-S1;2025-07-10;Autoavaliacao;;;3;110,2;0;Renegociou 5 contratos de foodservice no setor de mineracao;Concluida
AVL00203;EMP0050;2025-S2;2026-01-15;Avaliacao do Gestor;EMP0093;Vinicius Vieira;2;110,0;100;Abriu 25 novos pontos de venda no canal de foodservice;Concluida
AVL00204;EMP0050;2025-S2;2026-01-15;Autoavaliacao;;;1;93,6;0;Entregou o planejamento de demanda com 6 semanas de antecipacao e Recuperou R$ 8 mil de contas a receber em atraso;Concluida
AVL00205;EMP0051;2025-S1;2025-07-10;Avaliacao do Gestor;EMP0129;Marcos Machado Pereira;4;126,1;100;Reduziu o indice de ruptura de 21% para menos de 3% e Entregou o planejamento de demanda com 18 semanas de antecipacao;Concluida
AVL00206;EMP0051;2025-S1;2025-07-10;Autoavaliacao;;;3;136,2;0;Recuperou R$ 7 mil de contas a receber em atraso;Concluida
AVL00207;EMP0051;2025-S2;2026-01-15;Avaliacao do Gestor;EMP0129;Marcos Machado Pereira;4;146,7;100;Reduziu o indice de ruptura de 26% para menos de 3% e Premiacao da equipe como melhor resultado trimestral do ano;Concluida
AVL00208;EMP0051;2025-S2;2026-01-15;Autoavaliacao;;;5;162,6;0;Adequou o processo ao checklist de auditoria, com 6 nao conformidades e Entregou o planejamento de demanda com 6 semanas de antecipacao;Concluida
AVL00209;EMP0052;2025-S1;2025-07-10;Avaliacao do Gestor;EMP0139;Luiz Nascimento Carvalho;2;128,8;100;Entregou o planejamento de demanda com 11 semanas de antecipacao;Concluida
AVL00210;EMP0052;2025-S1;2025-07-10;Autoavaliacao;;;3;144,8;0;Entregou o planejamento de demanda com 22 semanas de antecipacao;Concluida
AVL00211;EMP0052;2025-S2;2026-01-15;Avaliacao do Gestor;EMP0139;Luiz Nascimento Carvalho;2;107,2;100;Concluiu a migracao de 27 usuarios para o novo sistema de vendas;Concluida
AVL00212;EMP0052;2025-S2;2026-01-15;Autoavaliacao;;;1;138,7;0;Treinou 23 novos profissionais e reduziu o turnover da regiao;Pendente
AVL00213;EMP0053;2025-S1;2025-07-10;Avaliacao do Gestor;EMP0129;Marcos Machado Pereira;3;47,3;100;Aumento de 14% no volume da regiao apos a campanha de verao e Renegociou 14 contratos de foodservice no setor de mineracao;Concluida
AVL00214;EMP0053;2025-S1;2025-07-10;Autoavaliacao;;;4;61,5;0;Recuperou R$ 28 mil de contas a receber em atraso e Implantou a rota de entrega 15 no interior da unidade;Concluida
AVL00215;EMP0053;2025-S2;2026-01-15;Avaliacao do Gestor;EMP0129;Marcos Machado Pereira;3;63,0;100;Abriu 5 novos pontos de venda no canal de foodservice;Concluida
AVL00216;EMP0053;2025-S2;2026-01-15;Autoavaliacao;;;2;87,6;0;Reduziu 28 dias de estoque parado no centro de distribuicao e Adequou o processo ao checklist de auditoria, com 20 nao conformidades;Concluida
AVL00217;EMP0054;2025-S1;2025-07-10;Avaliacao do Gestor;EMP0151;Luiza Macedo Fonseca;4;158,8;100;Implantou a rota de entrega 22 no interior da unidade e Adequou o processo ao checklist de auditoria, com 9 nao conformidades;Concluida
AVL00218;EMP0054;2025-S1;2025-07-10;Autoavaliacao;;;4;145,4;0;Implantou a rota de entrega 15 no interior da unidade e Reduziu 4 dias de estoque parado no centro de distribuicao;Concluida
AVL00219;EMP0054;2025-S2;2026-01-15;Avaliacao do Gestor;EMP0151;Luiza Macedo Fonseca;4;130,5;100;Adequou o processo ao checklist de auditoria, com 7 nao conformidades e Renegociou 22 contratos de foodservice no setor de mineracao;Concluida
AVL00220;EMP0054;2025-S2;2026-01-15;Autoavaliacao;;;4;126,9;0;Renegociou 14 contratos de foodservice no setor de mineracao;Concluida
AVL00221;EMP0055;2025-S1;2025-07-10;Avaliacao do Gestor;EMP0105;Clara Goncalves Santana;3;81,0;100;Reduziu 9 dias de estoque parado no centro de distribuicao;Concluida
AVL00222;EMP0055;2025-S1;2025-07-10;Autoavaliacao;;;3;121,6;0;Aumento de 26% no volume da regiao apos a campanha de verao;Concluida
AVL00223;EMP0055;2025-S2;2026-01-15;Avaliacao do Gestor;EMP0105;Clara Goncalves Santana;3;95,2;100;Aumento de 20% no volume da regiao apos a campanha de verao;Concluida
AVL00224;EMP0055;2025-S2;2026-01-15;Autoavaliacao;;;4;122,6;0;Implantou a rota de entrega 13 no interior da unidade;Concluida
AVL00225;EMP0056;2025-S1;2025-07-10;Avaliacao do Gestor;EMP0115;Natalia Rocha;3;105,5;100;Concluiu a migracao de 28 usuarios para o novo sistema de vendas e Reduziu o indice de ruptura de 5% para menos de 3%;Concluida
AVL00226;EMP0056;2025-S1;2025-07-10;Autoavaliacao;;;2;138,4;0;Aumento de 5% no volume da regiao apos a campanha de verao;Concluida
AVL00227;EMP0056;2025-S2;2026-01-15;Avaliacao do Gestor;EMP0115;Natalia Rocha;2;116,8;100;Reduziu 17 dias de estoque parado no centro de distribuicao e Treinou 5 novos profissionais e reduziu o turnover da regiao;Concluida
AVL00228;EMP0056;2025-S2;2026-01-15;Autoavaliacao;;;2;121,4;0;Entregou o planejamento de demanda com 13 semanas de antecipacao e Aumento de 7% no volume da regiao apos a campanha de verao;Concluida
AVL00229;EMP0057;2025-S1;2025-07-10;Avaliacao do Gestor;EMP0099;Miguel Ferreira Castro;3;91,1;100;Implantou a rota de entrega 4 no interior da unidade;Concluida
AVL00230;EMP0057;2025-S1;2025-07-10;Autoavaliacao;;;4;54,9;0;Reduziu o indice de ruptura de 18% para menos de 3% e Entregou o planejamento de demanda com 14 semanas de antecipacao;Concluida
AVL00231;EMP0057;2025-S2;2026-01-15;Avaliacao do Gestor;EMP0099;Miguel Ferreira Castro;4;80,0;100;Premiacao da equipe como melhor resultado trimestral do ano;Concluida
AVL00232;EMP0057;2025-S2;2026-01-15;Autoavaliacao;;;3;117,2;0;Premiacao da equipe como melhor resultado trimestral do ano;Concluida
AVL00233;EMP0058;2025-S1;2025-07-10;Avaliacao do Gestor;EMP0086;Fatima Freitas;5;86,4;100;Concluiu a migracao de 4 usuarios para o novo sistema de vendas;Concluida
AVL00234;EMP0058;2025-S1;2025-07-10;Autoavaliacao;;;3;87,0;0;Concluiu a migracao de 27 usuarios para o novo sistema de vendas e Adequou o processo ao checklist de auditoria, com 13 nao conformidades;Concluida
AVL00235;EMP0058;2025-S2;2026-01-15;Avaliacao do Gestor;EMP0086;Fatima Freitas;4;90,2;100;Recuperou R$ 20 mil de contas a receber em atraso;Concluida
AVL00236;EMP0058;2025-S2;2026-01-15;Autoavaliacao;;;3;85,1;0;Concluiu a migracao de 6 usuarios para o novo sistema de vendas;Concluida
AVL00237;EMP0059;2025-S1;2025-07-10;Avaliacao do Gestor;EMP0099;Miguel Ferreira Castro;4;112,3;100;Aumento de 24% no volume da regiao apos a campanha de verao;Concluida
AVL00238;EMP0059;2025-S1;2025-07-10;Autoavaliacao;;;5;124,1;0;Recuperou R$ 15 mil de contas a receber em atraso e Implantou a rota de entrega 6 no interior da unidade;Concluida
AVL00239;EMP0059;2025-S2;2026-01-15;Avaliacao do Gestor;EMP0099;Miguel Ferreira Castro;4;112,7;100;Treinou 8 novos profissionais e reduziu o turnover da regiao e Entregou o planejamento de demanda com 7 semanas de antecipacao;Concluida
AVL00240;EMP0059;2025-S2;2026-01-15;Autoavaliacao;;;4;106,3;0;Recuperou R$ 24 mil de contas a receber em atraso;Concluida
AVL00241;EMP0060;2025-S1;2025-07-10;Avaliacao do Gestor;EMP0085;Vitoria Barbosa Medeiros;2;134,9;100;Abriu 4 novos pontos de venda no canal de foodservice e Treinou 5 novos profissionais e reduziu o turnover da regiao;Concluida
AVL00242;EMP0060;2025-S1;2025-07-10;Autoavaliacao;;;4;141,8;0;Adequou o processo ao checklist de auditoria, com 24 nao conformidades;Concluida
AVL00243;EMP0060;2025-S2;2026-01-15;Avaliacao do Gestor;EMP0085;Vitoria Barbosa Medeiros;3;126,0;100;Treinou 7 novos profissionais e reduziu o turnover da regiao;Concluida
AVL00244;EMP0060;2025-S2;2026-01-15;Autoavaliacao;;;2;122,5;0;Reduziu 14 dias de estoque parado no centro de distribuicao;Concluida
AVL00245;EMP0061;2025-S1;2025-07-10;Avaliacao do Gestor;EMP0154;Talita Macedo;4;137,8;100;Recuperou R$ 9 mil de contas a receber em atraso e Aumento de 13% no volume da regiao apos a campanha de verao;Concluida
AVL00246;EMP0061;2025-S1;2025-07-10;Autoavaliacao;;;4;125,9;0;Aumento de 18% no volume da regiao apos a campanha de verao;Concluida
AVL00247;EMP0061;2025-S2;2026-01-15;Avaliacao do Gestor;EMP0154;Talita Macedo;4;122,4;100;Entregou o planejamento de demanda com 11 semanas de antecipacao;Concluida
AVL00248;EMP0061;2025-S2;2026-01-15;Autoavaliacao;;;5;135,6;0;Concluiu a migracao de 15 usuarios para o novo sistema de vendas;Pendente
AVL00249;EMP0062;2025-S1;2025-07-10;Avaliacao do Gestor;EMP0125;Vanessa Barbosa;4;94,8;100;Reduziu o indice de ruptura de 25% para menos de 3% e Concluiu a migracao de 6 usuarios para o novo sistema de vendas;Concluida
AVL00250;EMP0062;2025-S1;2025-07-10;Autoavaliacao;;;3;107,7;0;Renegociou 4 contratos de foodservice no setor de mineracao e Entregou o planejamento de demanda com 14 semanas de antecipacao;Concluida
AVL00251;EMP0062;2025-S2;2026-01-15;Avaliacao do Gestor;EMP0125;Vanessa Barbosa;4;94,6;100;Adequou o processo ao checklist de auditoria, com 9 nao conformidades e Recuperou R$ 11 mil de contas a receber em atraso;Concluida
AVL00252;EMP0062;2025-S2;2026-01-15;Autoavaliacao;;;4;105,0;0;Implantou a rota de entrega 15 no interior da unidade e Recuperou R$ 10 mil de contas a receber em atraso;Pendente
AVL00253;EMP0063;2025-S1;2025-07-10;Avaliacao do Gestor;EMP0141;Sandra Goncalves Bezerra;3;131,8;100;Reduziu o indice de ruptura de 28% para menos de 3%;Concluida
AVL00254;EMP0063;2025-S1;2025-07-10;Autoavaliacao;;;3;131,4;0;Entregou o planejamento de demanda com 10 semanas de antecipacao;Concluida
AVL00255;EMP0063;2025-S2;2026-01-15;Avaliacao do Gestor;EMP0141;Sandra Goncalves Bezerra;3;137,4;100;Renegociou 28 contratos de foodservice no setor de mineracao e Recuperou R$ 17 mil de contas a receber em atraso;Pendente
AVL00256;EMP0063;2025-S2;2026-01-15;Autoavaliacao;;;2;147,0;0;Implantou a rota de entrega 7 no interior da unidade e Renegociou 13 contratos de foodservice no setor de mineracao;Concluida
AVL00257;EMP0064;2025-S1;2025-07-10;Avaliacao do Gestor;EMP0126;Juliana Santos Oliveira;5;124,3;100;Adequou o processo ao checklist de auditoria, com 13 nao conformidades;Concluida
AVL00258;EMP0064;2025-S1;2025-07-10;Autoavaliacao;;;4;108,0;0;Entregou o planejamento de demanda com 8 semanas de antecipacao;Concluida
AVL00259;EMP0064;2025-S2;2026-01-15;Avaliacao do Gestor;EMP0126;Juliana Santos Oliveira;4;128,7;100;Premiacao da equipe como melhor resultado trimestral do ano e Treinou 27 novos profissionais e reduziu o turnover da regiao;Concluida
AVL00260;EMP0064;2025-S2;2026-01-15;Autoavaliacao;;;3;139,8;0;Concluiu a migracao de 25 usuarios para o novo sistema de vendas e Implantou a rota de entrega 22 no interior da unidade;Concluida
AVL00261;EMP0065;2025-S1;2025-07-10;Avaliacao do Gestor;EMP0109;Samuel Lima;5;114,4;100;Implantou a rota de entrega 21 no interior da unidade e Treinou 21 novos profissionais e reduziu o turnover da regiao;Concluida
AVL00262;EMP0065;2025-S1;2025-07-10;Autoavaliacao;;;4;127,2;0;Adequou o processo ao checklist de auditoria, com 13 nao conformidades e Reduziu o indice de ruptura de 20% para menos de 3%;Concluida
AVL00263;EMP0065;2025-S2;2026-01-15;Avaliacao do Gestor;EMP0109;Samuel Lima;5;136,7;100;Concluiu a migracao de 18 usuarios para o novo sistema de vendas e Recuperou R$ 13 mil de contas a receber em atraso;Concluida
AVL00264;EMP0065;2025-S2;2026-01-15;Autoavaliacao;;;5;153,8;0;Premiacao da equipe como melhor resultado trimestral do ano e Reduziu o indice de ruptura de 10% para menos de 3%;Concluida
AVL00265;EMP0066;2025-S1;2025-07-10;Avaliacao do Gestor;EMP0143;Edson Andrade;4;90,6;100;Implantou a rota de entrega 22 no interior da unidade;Concluida
AVL00266;EMP0066;2025-S1;2025-07-10;Autoavaliacao;;;4;121,1;0;Renegociou 11 contratos de foodservice no setor de mineracao;Concluida
AVL00267;EMP0066;2025-S2;2026-01-15;Avaliacao do Gestor;EMP0143;Edson Andrade;3;114,8;100;Abriu 8 novos pontos de venda no canal de foodservice e Aumento de 25% no volume da regiao apos a campanha de verao;Concluida
AVL00268;EMP0066;2025-S2;2026-01-15;Autoavaliacao;;;2;125,6;0;Entregou o planejamento de demanda com 10 semanas de antecipacao;Concluida
AVL00269;EMP0067;2025-S1;2025-07-10;Avaliacao do Gestor;EMP0123;Elias Macedo Moreira;2;101,7;100;Entregou o planejamento de demanda com 25 semanas de antecipacao e Adequou o processo ao checklist de auditoria, com 22 nao conformidades;Concluida
AVL00270;EMP0067;2025-S1;2025-07-10;Autoavaliacao;;;4;84,8;0;Premiacao da equipe como melhor resultado trimestral do ano e Reduziu 6 dias de estoque parado no centro de distribuicao;Concluida
AVL00271;EMP0067;2025-S2;2026-01-15;Avaliacao do Gestor;EMP0123;Elias Macedo Moreira;3;94,7;100;Renegociou 7 contratos de foodservice no setor de mineracao e Abriu 12 novos pontos de venda no canal de foodservice;Concluida
AVL00272;EMP0067;2025-S2;2026-01-15;Autoavaliacao;;;4;100,3;0;Aumento de 17% no volume da regiao apos a campanha de verao e Treinou 27 novos profissionais e reduziu o turnover da regiao;Concluida
AVL00273;EMP0069;2025-S1;2025-07-10;Avaliacao do Gestor;EMP0094;Bianca Santana Ramos;3;116,4;100;Entregou o planejamento de demanda com 28 semanas de antecipacao;Concluida
AVL00274;EMP0069;2025-S1;2025-07-10;Autoavaliacao;;;2;138,3;0;Concluiu a migracao de 15 usuarios para o novo sistema de vendas;Concluida
AVL00275;EMP0069;2025-S2;2026-01-15;Avaliacao do Gestor;EMP0094;Bianca Santana Ramos;2;126,0;100;Implantou a rota de entrega 20 no interior da unidade;Concluida
AVL00276;EMP0069;2025-S2;2026-01-15;Autoavaliacao;;;3;116,3;0;Adequou o processo ao checklist de auditoria, com 26 nao conformidades e Premiacao da equipe como melhor resultado trimestral do ano;Concluida
AVL00277;EMP0070;2025-S1;2025-07-10;Avaliacao do Gestor;EMP0105;Clara Goncalves Santana;2;106,6;100;Implantou a rota de entrega 23 no interior da unidade e Reduziu o indice de ruptura de 18% para menos de 3%;Concluida
AVL00278;EMP0070;2025-S1;2025-07-10;Autoavaliacao;;;1;117,4;0;Treinou 5 novos profissionais e reduziu o turnover da regiao;Concluida
AVL00279;EMP0070;2025-S2;2026-01-15;Avaliacao do Gestor;EMP0105;Clara Goncalves Santana;2;98,5;100;Abriu 25 novos pontos de venda no canal de foodservice e Renegociou 27 contratos de foodservice no setor de mineracao;Concluida
AVL00280;EMP0070;2025-S2;2026-01-15;Autoavaliacao;;;1;86,5;0;Recuperou R$ 19 mil de contas a receber em atraso;Concluida
AVL00281;EMP0071;2025-S1;2025-07-10;Avaliacao do Gestor;EMP0085;Vitoria Barbosa Medeiros;2;138,2;100;Premiacao da equipe como melhor resultado trimestral do ano;Concluida
AVL00282;EMP0071;2025-S1;2025-07-10;Autoavaliacao;;;3;140,9;0;Treinou 13 novos profissionais e reduziu o turnover da regiao e Concluiu a migracao de 25 usuarios para o novo sistema de vendas;Concluida
AVL00283;EMP0071;2025-S2;2026-01-15;Avaliacao do Gestor;EMP0085;Vitoria Barbosa Medeiros;3;128,7;100;Reduziu 21 dias de estoque parado no centro de distribuicao e Renegociou 4 contratos de foodservice no setor de mineracao;Concluida
AVL00284;EMP0071;2025-S2;2026-01-15;Autoavaliacao;;;3;166,8;0;Concluiu a migracao de 22 usuarios para o novo sistema de vendas;Concluida
AVL00285;EMP0072;2025-S1;2025-07-10;Avaliacao do Gestor;EMP0087;Josefa Andrade;4;99,1;100;Entregou o planejamento de demanda com 9 semanas de antecipacao e Abriu 21 novos pontos de venda no canal de foodservice;Concluida
AVL00286;EMP0072;2025-S1;2025-07-10;Autoavaliacao;;;5;81,7;0;Reduziu 12 dias de estoque parado no centro de distribuicao e Treinou 17 novos profissionais e reduziu o turnover da regiao;Pendente
AVL00287;EMP0072;2025-S2;2026-01-15;Avaliacao do Gestor;EMP0087;Josefa Andrade;4;84,5;100;Abriu 28 novos pontos de venda no canal de foodservice;Pendente
AVL00288;EMP0072;2025-S2;2026-01-15;Autoavaliacao;;;4;85,7;0;Renegociou 5 contratos de foodservice no setor de mineracao;Pendente
AVL00289;EMP0073;2025-S1;2025-07-10;Avaliacao do Gestor;EMP0124;Leticia Medeiros Castro;3;69,7;100;Abriu 11 novos pontos de venda no canal de foodservice;Concluida
AVL00290;EMP0073;2025-S1;2025-07-10;Autoavaliacao;;;3;98,0;0;Treinou 20 novos profissionais e reduziu o turnover da regiao e Abriu 26 novos pontos de venda no canal de foodservice;Concluida
AVL00291;EMP0073;2025-S2;2026-01-15;Avaliacao do Gestor;EMP0124;Leticia Medeiros Castro;3;98,8;100;Reduziu o indice de ruptura de 13% para menos de 3%;Concluida
AVL00292;EMP0073;2025-S2;2026-01-15;Autoavaliacao;;;4;76,5;0;Concluiu a migracao de 25 usuarios para o novo sistema de vendas;Concluida
AVL00293;EMP0074;2025-S1;2025-07-10;Avaliacao do Gestor;EMP0085;Vitoria Barbosa Medeiros;2;87,5;100;Concluiu a migracao de 18 usuarios para o novo sistema de vendas e Treinou 24 novos profissionais e reduziu o turnover da regiao;Concluida
AVL00294;EMP0074;2025-S1;2025-07-10;Autoavaliacao;;;4;126,8;0;Premiacao da equipe como melhor resultado trimestral do ano;Concluida
AVL00295;EMP0074;2025-S2;2026-01-15;Avaliacao do Gestor;EMP0085;Vitoria Barbosa Medeiros;3;114,0;100;Abriu 10 novos pontos de venda no canal de foodservice;Concluida
AVL00296;EMP0074;2025-S2;2026-01-15;Autoavaliacao;;;4;125,4;0;Adequou o processo ao checklist de auditoria, com 22 nao conformidades;Concluida
AVL00297;EMP0075;2025-S1;2025-07-10;Avaliacao do Gestor;EMP0129;Marcos Machado Pereira;3;127,0;100;Treinou 12 novos profissionais e reduziu o turnover da regiao e Renegociou 14 contratos de foodservice no setor de mineracao;Concluida
AVL00298;EMP0075;2025-S1;2025-07-10;Autoavaliacao;;;2;87,6;0;Concluiu a migracao de 13 usuarios para o novo sistema de vendas e Implantou a rota de entrega 9 no interior da unidade;Concluida
AVL00299;EMP0075;2025-S2;2026-01-15;Avaliacao do Gestor;EMP0129;Marcos Machado Pereira;2;103,8;100;Reduziu o indice de ruptura de 17% para menos de 3% e Premiacao da equipe como melhor resultado trimestral do ano;Concluida
AVL00300;EMP0075;2025-S2;2026-01-15;Autoavaliacao;;;2;120,2;0;Adequou o processo ao checklist de auditoria, com 26 nao conformidades e Reduziu o indice de ruptura de 23% para menos de 3%;Pendente
AVL00301;EMP0076;2025-S1;2025-07-10;Avaliacao do Gestor;EMP0142;Patricia Campos;4;125,8;100;Treinou 13 novos profissionais e reduziu o turnover da regiao;Concluida
AVL00302;EMP0076;2025-S1;2025-07-10;Autoavaliacao;;;3;82,5;0;Reduziu 20 dias de estoque parado no centro de distribuicao;Concluida
AVL00303;EMP0076;2025-S2;2026-01-15;Avaliacao do Gestor;EMP0142;Patricia Campos;3;126,4;100;Renegociou 14 contratos de foodservice no setor de mineracao;Pendente
AVL00304;EMP0076;2025-S2;2026-01-15;Autoavaliacao;;;2;134,8;0;Aumento de 23% no volume da regiao apos a campanha de verao e Reduziu o indice de ruptura de 6% para menos de 3%;Concluida
AVL00305;EMP0077;2025-S1;2025-07-10;Avaliacao do Gestor;EMP0139;Luiz Nascimento Carvalho;4;131,9;100;Treinou 11 novos profissionais e reduziu o turnover da regiao;Concluida
AVL00306;EMP0077;2025-S1;2025-07-10;Autoavaliacao;;;4;122,9;0;Reduziu o indice de ruptura de 10% para menos de 3%;Concluida
AVL00307;EMP0077;2025-S2;2026-01-15;Avaliacao do Gestor;EMP0139;Luiz Nascimento Carvalho;3;124,9;100;Reduziu 12 dias de estoque parado no centro de distribuicao;Concluida
AVL00308;EMP0077;2025-S2;2026-01-15;Autoavaliacao;;;4;120,7;0;Reduziu 11 dias de estoque parado no centro de distribuicao e Renegociou 27 contratos de foodservice no setor de mineracao;Concluida
AVL00309;EMP0078;2025-S1;2025-07-10;Avaliacao do Gestor;EMP0090;Sergio Santana;4;78,0;100;Aumento de 8% no volume da regiao apos a campanha de verao;Concluida
AVL00310;EMP0078;2025-S1;2025-07-10;Autoavaliacao;;;3;118,7;0;Premiacao da equipe como melhor resultado trimestral do ano;Concluida
AVL00311;EMP0078;2025-S2;2026-01-15;Avaliacao do Gestor;EMP0090;Sergio Santana;3;103,3;100;Premiacao da equipe como melhor resultado trimestral do ano;Concluida
AVL00312;EMP0078;2025-S2;2026-01-15;Autoavaliacao;;;4;111,3;0;Premiacao da equipe como melhor resultado trimestral do ano;Concluida
AVL00313;EMP0079;2025-S1;2025-07-10;Avaliacao do Gestor;EMP0160;Beatriz Santos Rodrigues;5;95,6;100;Abriu 20 novos pontos de venda no canal de foodservice e Aumento de 25% no volume da regiao apos a campanha de verao;Pendente
AVL00314;EMP0079;2025-S1;2025-07-10;Autoavaliacao;;;5;92,1;0;Premiacao da equipe como melhor resultado trimestral do ano e Implantou a rota de entrega 19 no interior da unidade;Concluida
AVL00315;EMP0079;2025-S2;2026-01-15;Avaliacao do Gestor;EMP0160;Beatriz Santos Rodrigues;5;97,6;100;Renegociou 5 contratos de foodservice no setor de mineracao;Concluida
AVL00316;EMP0079;2025-S2;2026-01-15;Autoavaliacao;;;5;100,7;0;Premiacao da equipe como melhor resultado trimestral do ano;Concluida
AVL00317;EMP0080;2025-S1;2025-07-10;Avaliacao do Gestor;EMP0164;Elias Souza Bastos;3;127,4;100;Implantou a rota de entrega 19 no interior da unidade;Concluida
AVL00318;EMP0080;2025-S1;2025-07-10;Autoavaliacao;;;3;77,3;0;Reduziu o indice de ruptura de 12% para menos de 3%;Concluida
AVL00319;EMP0080;2025-S2;2026-01-15;Avaliacao do Gestor;EMP0164;Elias Souza Bastos;3;108,4;100;Abriu 20 novos pontos de venda no canal de foodservice;Concluida
AVL00320;EMP0080;2025-S2;2026-01-15;Autoavaliacao;;;3;103,2;0;Recuperou R$ 26 mil de contas a receber em atraso e Treinou 17 novos profissionais e reduziu o turnover da regiao;Concluida
AVL00321;EMP0081;2025-S1;2025-07-10;Avaliacao do Gestor;EMP0164;Elias Souza Bastos;4;92,5;100;Recuperou R$ 26 mil de contas a receber em atraso e Adequou o processo ao checklist de auditoria, com 13 nao conformidades;Pendente
AVL00322;EMP0081;2025-S1;2025-07-10;Autoavaliacao;;;3;70,5;0;Premiacao da equipe como melhor resultado trimestral do ano e Recuperou R$ 25 mil de contas a receber em atraso;Concluida
AVL00323;EMP0081;2025-S2;2026-01-15;Avaliacao do Gestor;EMP0164;Elias Souza Bastos;3;82,3;100;Reduziu o indice de ruptura de 5% para menos de 3% e Aumento de 28% no volume da regiao apos a campanha de verao;Concluida
AVL00324;EMP0081;2025-S2;2026-01-15;Autoavaliacao;;;4;46,4;0;Abriu 28 novos pontos de venda no canal de foodservice e Recuperou R$ 27 mil de contas a receber em atraso;Concluida
AVL00325;EMP0082;2025-S1;2025-07-10;Avaliacao do Gestor;EMP0159;Gustavo Nunes;5;106,5;100;Implantou a rota de entrega 28 no interior da unidade e Recuperou R$ 18 mil de contas a receber em atraso;Concluida
AVL00326;EMP0082;2025-S1;2025-07-10;Autoavaliacao;;;4;128,7;0;Recuperou R$ 8 mil de contas a receber em atraso e Abriu 26 novos pontos de venda no canal de foodservice;Concluida
AVL00327;EMP0082;2025-S2;2026-01-15;Avaliacao do Gestor;EMP0159;Gustavo Nunes;4;113,8;100;Entregou o planejamento de demanda com 22 semanas de antecipacao e Premiacao da equipe como melhor resultado trimestral do ano;Concluida
AVL00328;EMP0082;2025-S2;2026-01-15;Autoavaliacao;;;5;138,8;0;Aumento de 18% no volume da regiao apos a campanha de verao;Pendente
AVL00329;EMP0083;2025-S1;2025-07-10;Avaliacao do Gestor;EMP0181;Ricardo Martins;2;139,5;100;Premiacao da equipe como melhor resultado trimestral do ano e Implantou a rota de entrega 18 no interior da unidade;Concluida
AVL00330;EMP0083;2025-S1;2025-07-10;Autoavaliacao;;;2;128,8;0;Adequou o processo ao checklist de auditoria, com 14 nao conformidades;Concluida
AVL00331;EMP0083;2025-S2;2026-01-15;Avaliacao do Gestor;EMP0181;Ricardo Martins;3;136,4;100;Implantou a rota de entrega 7 no interior da unidade e Treinou 14 novos profissionais e reduziu o turnover da regiao;Concluida
AVL00332;EMP0083;2025-S2;2026-01-15;Autoavaliacao;;;2;121,5;0;Abriu 6 novos pontos de venda no canal de foodservice e Reduziu o indice de ruptura de 20% para menos de 3%;Concluida
AVL00333;EMP0085;2025-S1;2025-07-10;Avaliacao do Gestor;EMP0181;Ricardo Martins;4;260,0;100;Entregou o planejamento de demanda com 4 semanas de antecipacao e Treinou 26 novos profissionais e reduziu o turnover da regiao;Concluida
AVL00334;EMP0085;2025-S1;2025-07-10;Autoavaliacao;;;3;260,0;0;Renegociou 17 contratos de foodservice no setor de mineracao;Concluida
AVL00335;EMP0085;2025-S2;2026-01-15;Avaliacao do Gestor;EMP0181;Ricardo Martins;3;320,0;100;Recuperou R$ 24 mil de contas a receber em atraso;Concluida
AVL00336;EMP0085;2025-S2;2026-01-15;Autoavaliacao;;;3;260,0;0;Adequou o processo ao checklist de auditoria, com 15 nao conformidades e Reduziu o indice de ruptura de 5% para menos de 3%;Concluida
AVL00337;EMP0086;2025-S1;2025-07-10;Avaliacao do Gestor;EMP0157;Ingrid Monteiro;2;103,4;100;Recuperou R$ 23 mil de contas a receber em atraso e Premiacao da equipe como melhor resultado trimestral do ano;Concluida
AVL00338;EMP0086;2025-S1;2025-07-10;Autoavaliacao;;;2;96,6;0;Implantou a rota de entrega 7 no interior da unidade e Concluiu a migracao de 11 usuarios para o novo sistema de vendas;Concluida
AVL00339;EMP0086;2025-S2;2026-01-15;Avaliacao do Gestor;EMP0157;Ingrid Monteiro;3;82,3;100;Entregou o planejamento de demanda com 5 semanas de antecipacao;Concluida
AVL00340;EMP0086;2025-S2;2026-01-15;Autoavaliacao;;;4;77,6;0;Entregou o planejamento de demanda com 27 semanas de antecipacao e Treinou 11 novos profissionais e reduziu o turnover da regiao;Concluida
AVL00341;EMP0088;2025-S1;2025-07-10;Avaliacao do Gestor;EMP0182;Renata Dias;3;135,5;100;Reduziu 23 dias de estoque parado no centro de distribuicao;Concluida
AVL00342;EMP0088;2025-S1;2025-07-10;Autoavaliacao;;;3;154,4;0;Abriu 24 novos pontos de venda no canal de foodservice e Entregou o planejamento de demanda com 8 semanas de antecipacao;Concluida
AVL00343;EMP0088;2025-S2;2026-01-15;Avaliacao do Gestor;EMP0182;Renata Dias;3;131,7;100;Reduziu 25 dias de estoque parado no centro de distribuicao;Concluida
AVL00344;EMP0088;2025-S2;2026-01-15;Autoavaliacao;;;3;139,0;0;Entregou o planejamento de demanda com 25 semanas de antecipacao e Reduziu o indice de ruptura de 26% para menos de 3%;Concluida
AVL00345;EMP0089;2025-S1;2025-07-10;Avaliacao do Gestor;EMP0185;Isabel Dias;3;67,3;100;Abriu 25 novos pontos de venda no canal de foodservice e Reduziu o indice de ruptura de 19% para menos de 3%;Concluida
AVL00346;EMP0089;2025-S1;2025-07-10;Autoavaliacao;;;2;70,1;0;Implantou a rota de entrega 11 no interior da unidade;Concluida
AVL00347;EMP0089;2025-S2;2026-01-15;Avaliacao do Gestor;EMP0185;Isabel Dias;3;86,6;100;Recuperou R$ 19 mil de contas a receber em atraso e Renegociou 20 contratos de foodservice no setor de mineracao;Concluida
AVL00348;EMP0089;2025-S2;2026-01-15;Autoavaliacao;;;3;78,0;0;Treinou 26 novos profissionais e reduziu o turnover da regiao;Concluida
AVL00349;EMP0090;2025-S1;2025-07-10;Avaliacao do Gestor;EMP0168;Rodrigo Bezerra;5;162,1;100;Reduziu o indice de ruptura de 17% para menos de 3% e Adequou o processo ao checklist de auditoria, com 23 nao conformidades;Concluida
AVL00350;EMP0090;2025-S1;2025-07-10;Autoavaliacao;;;4;116,6;0;Recuperou R$ 15 mil de contas a receber em atraso e Concluiu a migracao de 6 usuarios para o novo sistema de vendas;Concluida
AVL00351;EMP0090;2025-S2;2026-01-15;Avaliacao do Gestor;EMP0168;Rodrigo Bezerra;4;122,9;100;Reduziu o indice de ruptura de 14% para menos de 3% e Abriu 16 novos pontos de venda no canal de foodservice;Concluida
AVL00352;EMP0090;2025-S2;2026-01-15;Autoavaliacao;;;3;122,5;0;Concluiu a migracao de 5 usuarios para o novo sistema de vendas e Adequou o processo ao checklist de auditoria, com 21 nao conformidades;Concluida
AVL00353;EMP0091;2025-S1;2025-07-10;Avaliacao do Gestor;EMP0173;Rosana Teixeira;3;102,0;100;Abriu 13 novos pontos de venda no canal de foodservice e Aumento de 27% no volume da regiao apos a campanha de verao;Concluida
AVL00354;EMP0091;2025-S1;2025-07-10;Autoavaliacao;;;5;110,4;0;Adequou o processo ao checklist de auditoria, com 6 nao conformidades e Entregou o planejamento de demanda com 23 semanas de antecipacao;Concluida
AVL00355;EMP0091;2025-S2;2026-01-15;Avaliacao do Gestor;EMP0173;Rosana Teixeira;4;107,3;100;Implantou a rota de entrega 16 no interior da unidade e Renegociou 23 contratos de foodservice no setor de mineracao;Concluida
AVL00356;EMP0091;2025-S2;2026-01-15;Autoavaliacao;;;4;137,1;0;Aumento de 14% no volume da regiao apos a campanha de verao e Recuperou R$ 6 mil de contas a receber em atraso;Concluida
AVL00357;EMP0092;2025-S1;2025-07-10;Avaliacao do Gestor;EMP0178;Daniel Macedo;3;59,6;100;Implantou a rota de entrega 6 no interior da unidade e Renegociou 13 contratos de foodservice no setor de mineracao;Concluida
AVL00358;EMP0092;2025-S1;2025-07-10;Autoavaliacao;;;3;83,3;0;Reduziu o indice de ruptura de 11% para menos de 3% e Implantou a rota de entrega 19 no interior da unidade;Concluida
AVL00359;EMP0092;2025-S2;2026-01-15;Avaliacao do Gestor;EMP0178;Daniel Macedo;3;86,6;100;Reduziu 16 dias de estoque parado no centro de distribuicao e Implantou a rota de entrega 22 no interior da unidade;Concluida
AVL00360;EMP0092;2025-S2;2026-01-15;Autoavaliacao;;;3;88,9;0;Reduziu o indice de ruptura de 14% para menos de 3% e Implantou a rota de entrega 5 no interior da unidade;Concluida
AVL00361;EMP0093;2025-S1;2025-07-10;Avaliacao do Gestor;EMP0188;Diego Bezerra Lima;4;109,2;100;Adequou o processo ao checklist de auditoria, com 23 nao conformidades e Concluiu a migracao de 24 usuarios para o novo sistema de vendas;Concluida
AVL00362;EMP0093;2025-S1;2025-07-10;Autoavaliacao;;;4;92,6;0;Reduziu o indice de ruptura de 21% para menos de 3%;Concluida
AVL00363;EMP0093;2025-S2;2026-01-15;Avaliacao do Gestor;EMP0188;Diego Bezerra Lima;4;89,3;100;Implantou a rota de entrega 19 no interior da unidade e Reduziu 5 dias de estoque parado no centro de distribuicao;Concluida
AVL00364;EMP0093;2025-S2;2026-01-15;Autoavaliacao;;;3;103,6;0;Concluiu a migracao de 13 usuarios para o novo sistema de vendas;Concluida
AVL00365;EMP0094;2025-S1;2025-07-10;Avaliacao do Gestor;EMP0185;Isabel Dias;2;107,3;100;Treinou 18 novos profissionais e reduziu o turnover da regiao;Concluida
AVL00366;EMP0094;2025-S1;2025-07-10;Autoavaliacao;;;3;136,2;0;Adequou o processo ao checklist de auditoria, com 11 nao conformidades e Abriu 5 novos pontos de venda no canal de foodservice;Concluida
AVL00367;EMP0094;2025-S2;2026-01-15;Avaliacao do Gestor;EMP0185;Isabel Dias;2;112,0;100;Treinou 24 novos profissionais e reduziu o turnover da regiao;Concluida
AVL00368;EMP0094;2025-S2;2026-01-15;Autoavaliacao;;;2;96,1;0;Reduziu o indice de ruptura de 26% para menos de 3%;Concluida
AVL00369;EMP0096;2025-S1;2025-07-10;Avaliacao do Gestor;EMP0167;Fatima Pinheiro;2;117,9;100;Renegociou 15 contratos de foodservice no setor de mineracao e Aumento de 22% no volume da regiao apos a campanha de verao;Concluida
AVL00370;EMP0096;2025-S1;2025-07-10;Autoavaliacao;;;3;105,2;0;Implantou a rota de entrega 28 no interior da unidade e Reduziu o indice de ruptura de 21% para menos de 3%;Concluida
AVL00371;EMP0096;2025-S2;2026-01-15;Avaliacao do Gestor;EMP0167;Fatima Pinheiro;3;121,4;100;Implantou a rota de entrega 28 no interior da unidade e Recuperou R$ 22 mil de contas a receber em atraso;Concluida
AVL00372;EMP0096;2025-S2;2026-01-15;Autoavaliacao;;;3;98,7;0;Adequou o processo ao checklist de auditoria, com 8 nao conformidades e Reduziu o indice de ruptura de 26% para menos de 3%;Concluida
AVL00373;EMP0097;2025-S1;2025-07-10;Avaliacao do Gestor;EMP0173;Rosana Teixeira;5;107,8;100;Adequou o processo ao checklist de auditoria, com 17 nao conformidades;Concluida
AVL00374;EMP0097;2025-S1;2025-07-10;Autoavaliacao;;;5;76,8;0;Recuperou R$ 8 mil de contas a receber em atraso;Concluida
AVL00375;EMP0097;2025-S2;2026-01-15;Avaliacao do Gestor;EMP0173;Rosana Teixeira;5;73,6;100;Entregou o planejamento de demanda com 27 semanas de antecipacao e Aumento de 7% no volume da regiao apos a campanha de verao;Pendente
AVL00376;EMP0097;2025-S2;2026-01-15;Autoavaliacao;;;5;54,1;0;Reduziu o indice de ruptura de 4% para menos de 3%;Concluida
AVL00377;EMP0098;2025-S1;2025-07-10;Avaliacao do Gestor;EMP0170;Geraldo Alves Guimaraes;3;64,5;100;Implantou a rota de entrega 26 no interior da unidade e Concluiu a migracao de 15 usuarios para o novo sistema de vendas;Concluida
AVL00378;EMP0098;2025-S1;2025-07-10;Autoavaliacao;;;3;100,8;0;Aumento de 5% no volume da regiao apos a campanha de verao;Concluida
AVL00379;EMP0098;2025-S2;2026-01-15;Avaliacao do Gestor;EMP0170;Geraldo Alves Guimaraes;3;84,9;100;Treinou 10 novos profissionais e reduziu o turnover da regiao e Renegociou 20 contratos de foodservice no setor de mineracao;Concluida
AVL00380;EMP0098;2025-S2;2026-01-15;Autoavaliacao;;;4;93,7;0;Recuperou R$ 27 mil de contas a receber em atraso;Concluida
AVL00381;EMP0099;2025-S1;2025-07-10;Avaliacao do Gestor;EMP0186;Paulo Correia Machado;2;118,0;100;Implantou a rota de entrega 4 no interior da unidade;Concluida
AVL00382;EMP0099;2025-S1;2025-07-10;Autoavaliacao;;;3;121,2;0;Implantou a rota de entrega 5 no interior da unidade;Concluida
AVL00383;EMP0099;2025-S2;2026-01-15;Avaliacao do Gestor;EMP0186;Paulo Correia Machado;3;107,7;100;Recuperou R$ 25 mil de contas a receber em atraso e Implantou a rota de entrega 22 no interior da unidade;Pendente
AVL00384;EMP0099;2025-S2;2026-01-15;Autoavaliacao;;;3;110,5;0;Concluiu a migracao de 12 usuarios para o novo sistema de vendas e Implantou a rota de entrega 11 no interior da unidade;Concluida
AVL00385;EMP0100;2025-S1;2025-07-10;Avaliacao do Gestor;EMP0169;Rafaela Rodrigues Macedo;2;123,6;100;Premiacao da equipe como melhor resultado trimestral do ano e Renegociou 28 contratos de foodservice no setor de mineracao;Concluida
AVL00386;EMP0100;2025-S1;2025-07-10;Autoavaliacao;;;3;95,6;0;Recuperou R$ 19 mil de contas a receber em atraso;Concluida
AVL00387;EMP0100;2025-S2;2026-01-15;Avaliacao do Gestor;EMP0169;Rafaela Rodrigues Macedo;3;118,6;100;Premiacao da equipe como melhor resultado trimestral do ano;Concluida
AVL00388;EMP0100;2025-S2;2026-01-15;Autoavaliacao;;;2;129,6;0;Aumento de 26% no volume da regiao apos a campanha de verao;Concluida
AVL00389;EMP0101;2025-S1;2025-07-10;Avaliacao do Gestor;EMP0181;Ricardo Martins;4;84,1;100;Renegociou 12 contratos de foodservice no setor de mineracao e Reduziu o indice de ruptura de 24% para menos de 3%;Concluida
AVL00390;EMP0101;2025-S1;2025-07-10;Autoavaliacao;;;4;91,8;0;Aumento de 6% no volume da regiao apos a campanha de verao;Concluida
AVL00391;EMP0101;2025-S2;2026-01-15;Avaliacao do Gestor;EMP0181;Ricardo Martins;3;86,6;100;Entregou o planejamento de demanda com 5 semanas de antecipacao e Aumento de 5% no volume da regiao apos a campanha de verao;Concluida
AVL00392;EMP0101;2025-S2;2026-01-15;Autoavaliacao;;;3;57,3;0;Recuperou R$ 26 mil de contas a receber em atraso e Entregou o planejamento de demanda com 23 semanas de antecipacao;Concluida
AVL00393;EMP0102;2025-S1;2025-07-10;Avaliacao do Gestor;EMP0158;Edson Silva Vieira;5;118,4;100;Adequou o processo ao checklist de auditoria, com 23 nao conformidades e Treinou 6 novos profissionais e reduziu o turnover da regiao;Concluida
AVL00394;EMP0102;2025-S1;2025-07-10;Autoavaliacao;;;5;120,6;0;Implantou a rota de entrega 8 no interior da unidade e Premiacao da equipe como melhor resultado trimestral do ano;Concluida
AVL00395;EMP0102;2025-S2;2026-01-15;Avaliacao do Gestor;EMP0158;Edson Silva Vieira;5;127,9;100;Premiacao da equipe como melhor resultado trimestral do ano;Concluida
AVL00396;EMP0102;2025-S2;2026-01-15;Autoavaliacao;;;5;161,0;0;Reduziu 11 dias de estoque parado no centro de distribuicao;Concluida
AVL00397;EMP0103;2025-S1;2025-07-10;Avaliacao do Gestor;EMP0164;Elias Souza Bastos;3;133,7;100;Concluiu a migracao de 14 usuarios para o novo sistema de vendas;Concluida
AVL00398;EMP0103;2025-S1;2025-07-10;Autoavaliacao;;;4;100,5;0;Concluiu a migracao de 28 usuarios para o novo sistema de vendas e Reduziu o indice de ruptura de 6% para menos de 3%;Concluida
AVL00399;EMP0103;2025-S2;2026-01-15;Avaliacao do Gestor;EMP0164;Elias Souza Bastos;3;100,8;100;Premiacao da equipe como melhor resultado trimestral do ano;Concluida
AVL00400;EMP0103;2025-S2;2026-01-15;Autoavaliacao;;;2;112,6;0;Entregou o planejamento de demanda com 25 semanas de antecipacao e Aumento de 23% no volume da regiao apos a campanha de verao;Concluida
AVL00401;EMP0104;2025-S1;2025-07-10;Avaliacao do Gestor;EMP0174;Vitoria Rocha Pereira;4;102,5;100;Implantou a rota de entrega 9 no interior da unidade;Concluida
AVL00402;EMP0104;2025-S1;2025-07-10;Autoavaliacao;;;3;60,2;0;Entregou o planejamento de demanda com 8 semanas de antecipacao e Implantou a rota de entrega 26 no interior da unidade;Concluida
AVL00403;EMP0104;2025-S2;2026-01-15;Avaliacao do Gestor;EMP0174;Vitoria Rocha Pereira;4;96,4;100;Abriu 26 novos pontos de venda no canal de foodservice;Concluida
AVL00404;EMP0104;2025-S2;2026-01-15;Autoavaliacao;;;4;119,8;0;Entregou o planejamento de demanda com 21 semanas de antecipacao;Concluida
AVL00405;EMP0105;2025-S1;2025-07-10;Avaliacao do Gestor;EMP0169;Rafaela Rodrigues Macedo;3;77,2;100;Concluiu a migracao de 12 usuarios para o novo sistema de vendas e Adequou o processo ao checklist de auditoria, com 28 nao conformidades;Concluida
AVL00406;EMP0105;2025-S1;2025-07-10;Autoavaliacao;;;3;48,9;0;Reduziu o indice de ruptura de 23% para menos de 3%;Concluida
AVL00407;EMP0105;2025-S2;2026-01-15;Avaliacao do Gestor;EMP0169;Rafaela Rodrigues Macedo;4;69,3;100;Aumento de 27% no volume da regiao apos a campanha de verao e Premiacao da equipe como melhor resultado trimestral do ano;Concluida
AVL00408;EMP0105;2025-S2;2026-01-15;Autoavaliacao;;;4;62,9;0;Premiacao da equipe como melhor resultado trimestral do ano;Concluida
AVL00409;EMP0106;2025-S1;2025-07-10;Avaliacao do Gestor;EMP0172;Francisca Melo;3;87,5;100;Renegociou 7 contratos de foodservice no setor de mineracao;Concluida
AVL00410;EMP0106;2025-S1;2025-07-10;Autoavaliacao;;;4;78,0;0;Adequou o processo ao checklist de auditoria, com 8 nao conformidades;Concluida
AVL00411;EMP0106;2025-S2;2026-01-15;Avaliacao do Gestor;EMP0172;Francisca Melo;3;98,0;100;Implantou a rota de entrega 27 no interior da unidade;Concluida
AVL00412;EMP0106;2025-S2;2026-01-15;Autoavaliacao;;;3;105,6;0;Concluiu a migracao de 11 usuarios para o novo sistema de vendas e Abriu 19 novos pontos de venda no canal de foodservice;Concluida
AVL00413;EMP0107;2025-S1;2025-07-10;Avaliacao do Gestor;EMP0174;Vitoria Rocha Pereira;2;118,2;100;Recuperou R$ 26 mil de contas a receber em atraso e Reduziu 23 dias de estoque parado no centro de distribuicao;Concluida
AVL00414;EMP0107;2025-S1;2025-07-10;Autoavaliacao;;;4;137,1;0;Recuperou R$ 14 mil de contas a receber em atraso;Concluida
AVL00415;EMP0107;2025-S2;2026-01-15;Avaliacao do Gestor;EMP0174;Vitoria Rocha Pereira;3;119,8;100;Treinou 8 novos profissionais e reduziu o turnover da regiao;Pendente
AVL00416;EMP0107;2025-S2;2026-01-15;Autoavaliacao;;;3;135,8;0;Abriu 22 novos pontos de venda no canal de foodservice e Premiacao da equipe como melhor resultado trimestral do ano;Concluida
AVL00417;EMP0108;2025-S1;2025-07-10;Avaliacao do Gestor;EMP0175;Gabriel Lima Lopes;4;144,2;100;Renegociou 7 contratos de foodservice no setor de mineracao e Abriu 8 novos pontos de venda no canal de foodservice;Concluida
AVL00418;EMP0108;2025-S1;2025-07-10;Autoavaliacao;;;2;155,8;0;Premiacao da equipe como melhor resultado trimestral do ano;Concluida
AVL00419;EMP0108;2025-S2;2026-01-15;Avaliacao do Gestor;EMP0175;Gabriel Lima Lopes;3;137,2;100;Concluiu a migracao de 11 usuarios para o novo sistema de vendas;Concluida
AVL00420;EMP0108;2025-S2;2026-01-15;Autoavaliacao;;;3;120,9;0;Treinou 6 novos profissionais e reduziu o turnover da regiao e Aumento de 16% no volume da regiao apos a campanha de verao;Concluida
AVL00421;EMP0109;2025-S1;2025-07-10;Avaliacao do Gestor;EMP0161;Olivia Rodrigues;3;108,1;100;Entregou o planejamento de demanda com 20 semanas de antecipacao e Adequou o processo ao checklist de auditoria, com 26 nao conformidades;Concluida
AVL00422;EMP0109;2025-S1;2025-07-10;Autoavaliacao;;;3;85,7;0;Reduziu o indice de ruptura de 5% para menos de 3%;Concluida
AVL00423;EMP0109;2025-S2;2026-01-15;Avaliacao do Gestor;EMP0161;Olivia Rodrigues;3;102,4;100;Reduziu o indice de ruptura de 26% para menos de 3% e Adequou o processo ao checklist de auditoria, com 12 nao conformidades;Concluida
AVL00424;EMP0109;2025-S2;2026-01-15;Autoavaliacao;;;3;100,9;0;Premiacao da equipe como melhor resultado trimestral do ano;Concluida
AVL00425;EMP0110;2025-S1;2025-07-10;Avaliacao do Gestor;EMP0164;Elias Souza Bastos;4;34,1;100;Adequou o processo ao checklist de auditoria, com 23 nao conformidades e Premiacao da equipe como melhor resultado trimestral do ano;Concluida
AVL00426;EMP0110;2025-S1;2025-07-10;Autoavaliacao;;;4;38,7;0;Treinou 8 novos profissionais e reduziu o turnover da regiao e Concluiu a migracao de 4 usuarios para o novo sistema de vendas;Concluida
AVL00427;EMP0110;2025-S2;2026-01-15;Avaliacao do Gestor;EMP0164;Elias Souza Bastos;4;59,6;100;Aumento de 6% no volume da regiao apos a campanha de verao e Entregou o planejamento de demanda com 13 semanas de antecipacao;Concluida
AVL00428;EMP0110;2025-S2;2026-01-15;Autoavaliacao;;;4;47,3;0;Reduziu o indice de ruptura de 11% para menos de 3%;Concluida
AVL00429;EMP0111;2025-S1;2025-07-10;Avaliacao do Gestor;EMP0169;Rafaela Rodrigues Macedo;3;86,1;100;Reduziu 24 dias de estoque parado no centro de distribuicao e Recuperou R$ 14 mil de contas a receber em atraso;Concluida
AVL00430;EMP0111;2025-S1;2025-07-10;Autoavaliacao;;;4;80,8;0;Aumento de 28% no volume da regiao apos a campanha de verao e Premiacao da equipe como melhor resultado trimestral do ano;Concluida
AVL00431;EMP0111;2025-S2;2026-01-15;Avaliacao do Gestor;EMP0169;Rafaela Rodrigues Macedo;3;106,3;100;Recuperou R$ 16 mil de contas a receber em atraso;Concluida
AVL00432;EMP0111;2025-S2;2026-01-15;Autoavaliacao;;;4;108,0;0;Abriu 18 novos pontos de venda no canal de foodservice;Pendente
AVL00433;EMP0112;2025-S1;2025-07-10;Avaliacao do Gestor;EMP0180;Samuel Rodrigues;2;105,5;100;Adequou o processo ao checklist de auditoria, com 22 nao conformidades e Premiacao da equipe como melhor resultado trimestral do ano;Concluida
AVL00434;EMP0112;2025-S1;2025-07-10;Autoavaliacao;;;1;99,8;0;Abriu 6 novos pontos de venda no canal de foodservice;Concluida
AVL00435;EMP0112;2025-S2;2026-01-15;Avaliacao do Gestor;EMP0180;Samuel Rodrigues;2;100,6;100;Reduziu o indice de ruptura de 13% para menos de 3% e Adequou o processo ao checklist de auditoria, com 20 nao conformidades;Concluida
AVL00436;EMP0112;2025-S2;2026-01-15;Autoavaliacao;;;3;133,8;0;Abriu 22 novos pontos de venda no canal de foodservice e Adequou o processo ao checklist de auditoria, com 16 nao conformidades;Concluida
AVL00437;EMP0114;2025-S1;2025-07-10;Avaliacao do Gestor;EMP0179;Vinicius Melo Machado;3;105,6;100;Adequou o processo ao checklist de auditoria, com 23 nao conformidades e Renegociou 8 contratos de foodservice no setor de mineracao;Concluida
AVL00438;EMP0114;2025-S1;2025-07-10;Autoavaliacao;;;3;88,9;0;Reduziu o indice de ruptura de 15% para menos de 3%;Concluida
AVL00439;EMP0114;2025-S2;2026-01-15;Avaliacao do Gestor;EMP0179;Vinicius Melo Machado;3;111,9;100;Reduziu 13 dias de estoque parado no centro de distribuicao e Concluiu a migracao de 22 usuarios para o novo sistema de vendas;Concluida
AVL00440;EMP0114;2025-S2;2026-01-15;Autoavaliacao;;;2;116,2;0;Concluiu a migracao de 13 usuarios para o novo sistema de vendas e Adequou o processo ao checklist de auditoria, com 10 nao conformidades;Concluida
AVL00441;EMP0115;2025-S1;2025-07-10;Avaliacao do Gestor;EMP0162;Jonas Melo Farias;2;65,7;100;Concluiu a migracao de 6 usuarios para o novo sistema de vendas;Concluida
AVL00442;EMP0115;2025-S1;2025-07-10;Autoavaliacao;;;4;79,7;0;Treinou 13 novos profissionais e reduziu o turnover da regiao e Reduziu 10 dias de estoque parado no centro de distribuicao;Concluida
AVL00443;EMP0115;2025-S2;2026-01-15;Avaliacao do Gestor;EMP0162;Jonas Melo Farias;3;87,8;100;Aumento de 8% no volume da regiao apos a campanha de verao e Concluiu a migracao de 10 usuarios para o novo sistema de vendas;Concluida
AVL00444;EMP0115;2025-S2;2026-01-15;Autoavaliacao;;;3;70,5;0;Reduziu o indice de ruptura de 4% para menos de 3%;Concluida
AVL00445;EMP0116;2025-S1;2025-07-10;Avaliacao do Gestor;EMP0174;Vitoria Rocha Pereira;3;50,0;100;Concluiu a migracao de 4 usuarios para o novo sistema de vendas;Concluida
AVL00446;EMP0116;2025-S1;2025-07-10;Autoavaliacao;;;4;81,8;0;Aumento de 20% no volume da regiao apos a campanha de verao;Concluida
AVL00447;EMP0116;2025-S2;2026-01-15;Avaliacao do Gestor;EMP0174;Vitoria Rocha Pereira;3;67,1;100;Treinou 22 novos profissionais e reduziu o turnover da regiao;Concluida
AVL00448;EMP0116;2025-S2;2026-01-15;Autoavaliacao;;;3;60,4;0;Concluiu a migracao de 21 usuarios para o novo sistema de vendas;Concluida
AVL00449;EMP0117;2025-S1;2025-07-10;Avaliacao do Gestor;EMP0163;Ivo Dias;1;85,0;100;Abriu 15 novos pontos de venda no canal de foodservice e Adequou o processo ao checklist de auditoria, com 15 nao conformidades;Concluida
AVL00450;EMP0117;2025-S1;2025-07-10;Autoavaliacao;;;2;90,7;0;Concluiu a migracao de 25 usuarios para o novo sistema de vendas;Concluida
AVL00451;EMP0117;2025-S2;2026-01-15;Avaliacao do Gestor;EMP0163;Ivo Dias;2;88,2;100;Aumento de 27% no volume da regiao apos a campanha de verao;Concluida
AVL00452;EMP0117;2025-S2;2026-01-15;Autoavaliacao;;;1;93,0;0;Treinou 18 novos profissionais e reduziu o turnover da regiao e Entregou o planejamento de demanda com 16 semanas de antecipacao;Concluida
AVL00453;EMP0118;2025-S1;2025-07-10;Avaliacao do Gestor;EMP0178;Daniel Macedo;4;110,4;100;Premiacao da equipe como melhor resultado trimestral do ano;Concluida
AVL00454;EMP0118;2025-S1;2025-07-10;Autoavaliacao;;;3;102,3;0;Reduziu o indice de ruptura de 28% para menos de 3% e Recuperou R$ 11 mil de contas a receber em atraso;Concluida
AVL00455;EMP0118;2025-S2;2026-01-15;Avaliacao do Gestor;EMP0178;Daniel Macedo;4;116,7;100;Adequou o processo ao checklist de auditoria, com 9 nao conformidades e Reduziu 10 dias de estoque parado no centro de distribuicao;Concluida
AVL00456;EMP0118;2025-S2;2026-01-15;Autoavaliacao;;;4;101,2;0;Reduziu o indice de ruptura de 13% para menos de 3% e Aumento de 6% no volume da regiao apos a campanha de verao;Pendente
AVL00457;EMP0119;2025-S1;2025-07-10;Avaliacao do Gestor;EMP0178;Daniel Macedo;4;65,7;100;Entregou o planejamento de demanda com 22 semanas de antecipacao e Adequou o processo ao checklist de auditoria, com 25 nao conformidades;Concluida
AVL00458;EMP0119;2025-S1;2025-07-10;Autoavaliacao;;;2;89,0;0;Abriu 22 novos pontos de venda no canal de foodservice e Recuperou R$ 12 mil de contas a receber em atraso;Concluida
AVL00459;EMP0119;2025-S2;2026-01-15;Avaliacao do Gestor;EMP0178;Daniel Macedo;3;71,0;100;Reduziu 11 dias de estoque parado no centro de distribuicao;Concluida
AVL00460;EMP0119;2025-S2;2026-01-15;Autoavaliacao;;;2;77,3;0;Abriu 10 novos pontos de venda no canal de foodservice e Premiacao da equipe como melhor resultado trimestral do ano;Concluida
AVL00461;EMP0120;2025-S1;2025-07-10;Avaliacao do Gestor;EMP0179;Vinicius Melo Machado;4;122,3;100;Implantou a rota de entrega 8 no interior da unidade e Abriu 10 novos pontos de venda no canal de foodservice;Concluida
AVL00462;EMP0120;2025-S1;2025-07-10;Autoavaliacao;;;2;102,7;0;Premiacao da equipe como melhor resultado trimestral do ano e Implantou a rota de entrega 24 no interior da unidade;Concluida
AVL00463;EMP0120;2025-S2;2026-01-15;Avaliacao do Gestor;EMP0179;Vinicius Melo Machado;3;113,8;100;Implantou a rota de entrega 10 no interior da unidade;Concluida
AVL00464;EMP0120;2025-S2;2026-01-15;Autoavaliacao;;;2;129,1;0;Concluiu a migracao de 21 usuarios para o novo sistema de vendas e Abriu 15 novos pontos de venda no canal de foodservice;Concluida
AVL00465;EMP0121;2025-S1;2025-07-10;Avaliacao do Gestor;EMP0181;Ricardo Martins;4;101,3;100;Renegociou 4 contratos de foodservice no setor de mineracao e Treinou 28 novos profissionais e reduziu o turnover da regiao;Concluida
AVL00466;EMP0121;2025-S1;2025-07-10;Autoavaliacao;;;4;105,2;0;Renegociou 5 contratos de foodservice no setor de mineracao;Concluida
AVL00467;EMP0121;2025-S2;2026-01-15;Avaliacao do Gestor;EMP0181;Ricardo Martins;4;89,2;100;Recuperou R$ 27 mil de contas a receber em atraso;Concluida
AVL00468;EMP0121;2025-S2;2026-01-15;Autoavaliacao;;;4;99,3;0;Recuperou R$ 19 mil de contas a receber em atraso e Reduziu o indice de ruptura de 10% para menos de 3%;Concluida
AVL00469;EMP0122;2025-S1;2025-07-10;Avaliacao do Gestor;EMP0157;Ingrid Monteiro;1;109,7;100;Premiacao da equipe como melhor resultado trimestral do ano;Concluida
AVL00470;EMP0122;2025-S1;2025-07-10;Autoavaliacao;;;3;107,8;0;Premiacao da equipe como melhor resultado trimestral do ano;Concluida
AVL00471;EMP0122;2025-S2;2026-01-15;Avaliacao do Gestor;EMP0157;Ingrid Monteiro;2;92,3;100;Aumento de 17% no volume da regiao apos a campanha de verao;Concluida
AVL00472;EMP0122;2025-S2;2026-01-15;Autoavaliacao;;;3;117,5;0;Entregou o planejamento de demanda com 22 semanas de antecipacao;Concluida
AVL00473;EMP0123;2025-S1;2025-07-10;Avaliacao do Gestor;EMP0158;Edson Silva Vieira;4;97,1;100;Concluiu a migracao de 8 usuarios para o novo sistema de vendas;Concluida
AVL00474;EMP0123;2025-S1;2025-07-10;Autoavaliacao;;;3;101,4;0;Premiacao da equipe como melhor resultado trimestral do ano;Concluida
AVL00475;EMP0123;2025-S2;2026-01-15;Avaliacao do Gestor;EMP0158;Edson Silva Vieira;3;109,6;100;Abriu 22 novos pontos de venda no canal de foodservice e Premiacao da equipe como melhor resultado trimestral do ano;Concluida
AVL00476;EMP0123;2025-S2;2026-01-15;Autoavaliacao;;;3;95,9;0;Abriu 17 novos pontos de venda no canal de foodservice;Concluida
AVL00477;EMP0124;2025-S1;2025-07-10;Avaliacao do Gestor;EMP0167;Fatima Pinheiro;3;116,4;100;Reduziu 25 dias de estoque parado no centro de distribuicao;Concluida
AVL00478;EMP0124;2025-S1;2025-07-10;Autoavaliacao;;;2;77,1;0;Recuperou R$ 6 mil de contas a receber em atraso e Reduziu o indice de ruptura de 21% para menos de 3%;Concluida
AVL00479;EMP0124;2025-S2;2026-01-15;Avaliacao do Gestor;EMP0167;Fatima Pinheiro;3;98,7;100;Reduziu 15 dias de estoque parado no centro de distribuicao;Concluida
AVL00480;EMP0124;2025-S2;2026-01-15;Autoavaliacao;;;4;86,3;0;Renegociou 12 contratos de foodservice no setor de mineracao e Reduziu 23 dias de estoque parado no centro de distribuicao;Concluida
AVL00481;EMP0125;2025-S1;2025-07-10;Avaliacao do Gestor;EMP0181;Ricardo Martins;5;67,7;100;Concluiu a migracao de 13 usuarios para o novo sistema de vendas;Concluida
AVL00482;EMP0125;2025-S1;2025-07-10;Autoavaliacao;;;4;64,2;0;Recuperou R$ 16 mil de contas a receber em atraso e Concluiu a migracao de 23 usuarios para o novo sistema de vendas;Concluida
AVL00483;EMP0125;2025-S2;2026-01-15;Avaliacao do Gestor;EMP0181;Ricardo Martins;4;72,6;100;Aumento de 23% no volume da regiao apos a campanha de verao;Concluida
AVL00484;EMP0125;2025-S2;2026-01-15;Autoavaliacao;;;4;60,6;0;Adequou o processo ao checklist de auditoria, com 16 nao conformidades e Premiacao da equipe como melhor resultado trimestral do ano;Concluida
AVL00485;EMP0126;2025-S1;2025-07-10;Avaliacao do Gestor;EMP0188;Diego Bezerra Lima;3;92,9;100;Treinou 23 novos profissionais e reduziu o turnover da regiao e Entregou o planejamento de demanda com 17 semanas de antecipacao;Concluida
AVL00486;EMP0126;2025-S1;2025-07-10;Autoavaliacao;;;4;131,6;0;Reduziu 27 dias de estoque parado no centro de distribuicao e Treinou 16 novos profissionais e reduziu o turnover da regiao;Concluida
AVL00487;EMP0126;2025-S2;2026-01-15;Avaliacao do Gestor;EMP0188;Diego Bezerra Lima;4;106,7;100;Reduziu o indice de ruptura de 13% para menos de 3% e Reduziu 15 dias de estoque parado no centro de distribuicao;Concluida
AVL00488;EMP0126;2025-S2;2026-01-15;Autoavaliacao;;;4;119,3;0;Reduziu 28 dias de estoque parado no centro de distribuicao;Concluida
AVL00489;EMP0127;2025-S1;2025-07-10;Avaliacao do Gestor;EMP0164;Elias Souza Bastos;4;93,3;100;Renegociou 12 contratos de foodservice no setor de mineracao;Concluida
AVL00490;EMP0127;2025-S1;2025-07-10;Autoavaliacao;;;3;97,0;0;Concluiu a migracao de 4 usuarios para o novo sistema de vendas;Concluida
AVL00491;EMP0127;2025-S2;2026-01-15;Avaliacao do Gestor;EMP0164;Elias Souza Bastos;4;96,7;100;Adequou o processo ao checklist de auditoria, com 23 nao conformidades;Concluida
AVL00492;EMP0127;2025-S2;2026-01-15;Autoavaliacao;;;3;131,9;0;Entregou o planejamento de demanda com 10 semanas de antecipacao e Aumento de 26% no volume da regiao apos a campanha de verao;Concluida
AVL00493;EMP0128;2025-S1;2025-07-10;Avaliacao do Gestor;EMP0176;Renata Castro;5;99,0;100;Recuperou R$ 12 mil de contas a receber em atraso e Concluiu a migracao de 4 usuarios para o novo sistema de vendas;Concluida
AVL00494;EMP0128;2025-S1;2025-07-10;Autoavaliacao;;;4;123,2;0;Abriu 21 novos pontos de venda no canal de foodservice;Concluida
AVL00495;EMP0128;2025-S2;2026-01-15;Avaliacao do Gestor;EMP0176;Renata Castro;4;90,9;100;Aumento de 10% no volume da regiao apos a campanha de verao;Concluida
AVL00496;EMP0128;2025-S2;2026-01-15;Autoavaliacao;;;3;96,9;0;Entregou o planejamento de demanda com 18 semanas de antecipacao e Premiacao da equipe como melhor resultado trimestral do ano;Concluida
AVL00497;EMP0130;2025-S1;2025-07-10;Avaliacao do Gestor;EMP0164;Elias Souza Bastos;4;141,9;100;Reduziu o indice de ruptura de 10% para menos de 3%;Concluida
AVL00498;EMP0130;2025-S1;2025-07-10;Autoavaliacao;;;4;140,7;0;Treinou 14 novos profissionais e reduziu o turnover da regiao e Reduziu 17 dias de estoque parado no centro de distribuicao;Concluida
AVL00499;EMP0130;2025-S2;2026-01-15;Avaliacao do Gestor;EMP0164;Elias Souza Bastos;4;136,4;100;Recuperou R$ 27 mil de contas a receber em atraso e Implantou a rota de entrega 26 no interior da unidade;Concluida
AVL00500;EMP0130;2025-S2;2026-01-15;Autoavaliacao;;;4;81,6;0;Adequou o processo ao checklist de auditoria, com 25 nao conformidades;Concluida
AVL00501;EMP0131;2025-S1;2025-07-10;Avaliacao do Gestor;EMP0181;Ricardo Martins;3;86,7;100;Treinou 16 novos profissionais e reduziu o turnover da regiao e Abriu 15 novos pontos de venda no canal de foodservice;Concluida
AVL00502;EMP0131;2025-S1;2025-07-10;Autoavaliacao;;;2;112,0;0;Aumento de 7% no volume da regiao apos a campanha de verao;Concluida
AVL00503;EMP0131;2025-S2;2026-01-15;Avaliacao do Gestor;EMP0181;Ricardo Martins;3;110,6;100;Aumento de 18% no volume da regiao apos a campanha de verao;Concluida
AVL00504;EMP0131;2025-S2;2026-01-15;Autoavaliacao;;;4;117,7;0;Abriu 11 novos pontos de venda no canal de foodservice;Concluida
AVL00505;EMP0132;2025-S1;2025-07-10;Avaliacao do Gestor;EMP0173;Rosana Teixeira;3;91,8;100;Aumento de 9% no volume da regiao apos a campanha de verao e Abriu 22 novos pontos de venda no canal de foodservice;Concluida
AVL00506;EMP0132;2025-S1;2025-07-10;Autoavaliacao;;;4;121,1;0;Aumento de 24% no volume da regiao apos a campanha de verao e Adequou o processo ao checklist de auditoria, com 16 nao conformidades;Concluida
AVL00507;EMP0132;2025-S2;2026-01-15;Avaliacao do Gestor;EMP0173;Rosana Teixeira;3;101,8;100;Recuperou R$ 10 mil de contas a receber em atraso;Concluida
AVL00508;EMP0132;2025-S2;2026-01-15;Autoavaliacao;;;3;117,1;0;Aumento de 4% no volume da regiao apos a campanha de verao e Reduziu o indice de ruptura de 10% para menos de 3%;Concluida
AVL00509;EMP0133;2025-S1;2025-07-10;Avaliacao do Gestor;EMP0178;Daniel Macedo;4;108,7;100;Reduziu 11 dias de estoque parado no centro de distribuicao e Treinou 23 novos profissionais e reduziu o turnover da regiao;Concluida
AVL00510;EMP0133;2025-S1;2025-07-10;Autoavaliacao;;;2;73,1;0;Recuperou R$ 8 mil de contas a receber em atraso e Treinou 10 novos profissionais e reduziu o turnover da regiao;Concluida
AVL00511;EMP0133;2025-S2;2026-01-15;Avaliacao do Gestor;EMP0178;Daniel Macedo;3;110,8;100;Reduziu o indice de ruptura de 20% para menos de 3% e Aumento de 8% no volume da regiao apos a campanha de verao;Pendente
AVL00512;EMP0133;2025-S2;2026-01-15;Autoavaliacao;;;3;113,4;0;Entregou o planejamento de demanda com 13 semanas de antecipacao e Abriu 16 novos pontos de venda no canal de foodservice;Concluida
AVL00513;EMP0134;2025-S1;2025-07-10;Avaliacao do Gestor;EMP0179;Vinicius Melo Machado;3;96,3;100;Abriu 14 novos pontos de venda no canal de foodservice e Implantou a rota de entrega 10 no interior da unidade;Concluida
AVL00514;EMP0134;2025-S1;2025-07-10;Autoavaliacao;;;3;104,4;0;Implantou a rota de entrega 10 no interior da unidade e Renegociou 5 contratos de foodservice no setor de mineracao;Concluida
AVL00515;EMP0134;2025-S2;2026-01-15;Avaliacao do Gestor;EMP0179;Vinicius Melo Machado;3;102,0;100;Adequou o processo ao checklist de auditoria, com 19 nao conformidades;Concluida
AVL00516;EMP0134;2025-S2;2026-01-15;Autoavaliacao;;;2;99,4;0;Reduziu o indice de ruptura de 26% para menos de 3% e Implantou a rota de entrega 18 no interior da unidade;Concluida
AVL00517;EMP0135;2025-S1;2025-07-10;Avaliacao do Gestor;EMP0177;Francisco Santos;3;106,8;100;Adequou o processo ao checklist de auditoria, com 12 nao conformidades;Concluida
AVL00518;EMP0135;2025-S1;2025-07-10;Autoavaliacao;;;4;83,8;0;Renegociou 22 contratos de foodservice no setor de mineracao;Concluida
AVL00519;EMP0135;2025-S2;2026-01-15;Avaliacao do Gestor;EMP0177;Francisco Santos;3;96,3;100;Premiacao da equipe como melhor resultado trimestral do ano;Concluida
AVL00520;EMP0135;2025-S2;2026-01-15;Autoavaliacao;;;3;85,2;0;Entregou o planejamento de demanda com 26 semanas de antecipacao;Concluida
AVL00521;EMP0136;2025-S1;2025-07-10;Avaliacao do Gestor;EMP0167;Fatima Pinheiro;4;80,4;100;Recuperou R$ 7 mil de contas a receber em atraso;Concluida
AVL00522;EMP0136;2025-S1;2025-07-10;Autoavaliacao;;;2;88,0;0;Aumento de 4% no volume da regiao apos a campanha de verao e Reduziu o indice de ruptura de 10% para menos de 3%;Concluida
AVL00523;EMP0136;2025-S2;2026-01-15;Avaliacao do Gestor;EMP0167;Fatima Pinheiro;3;77,8;100;Concluiu a migracao de 6 usuarios para o novo sistema de vendas e Treinou 13 novos profissionais e reduziu o turnover da regiao;Concluida
AVL00524;EMP0136;2025-S2;2026-01-15;Autoavaliacao;;;3;100,1;0;Reduziu 8 dias de estoque parado no centro de distribuicao;Concluida
AVL00525;EMP0137;2025-S1;2025-07-10;Avaliacao do Gestor;EMP0158;Edson Silva Vieira;3;81,1;100;Reduziu o indice de ruptura de 26% para menos de 3% e Aumento de 11% no volume da regiao apos a campanha de verao;Concluida
AVL00526;EMP0137;2025-S1;2025-07-10;Autoavaliacao;;;4;119,7;0;Entregou o planejamento de demanda com 15 semanas de antecipacao e Adequou o processo ao checklist de auditoria, com 8 nao conformidades;Concluida
AVL00527;EMP0137;2025-S2;2026-01-15;Avaliacao do Gestor;EMP0158;Edson Silva Vieira;3;112,5;100;Treinou 21 novos profissionais e reduziu o turnover da regiao;Concluida
AVL00528;EMP0137;2025-S2;2026-01-15;Autoavaliacao;;;2;107,9;0;Premiacao da equipe como melhor resultado trimestral do ano;Concluida
AVL00529;EMP0138;2025-S1;2025-07-10;Avaliacao do Gestor;EMP0164;Elias Souza Bastos;4;60,2;100;Recuperou R$ 15 mil de contas a receber em atraso;Concluida
AVL00530;EMP0138;2025-S1;2025-07-10;Autoavaliacao;;;5;52,3;0;Reduziu 8 dias de estoque parado no centro de distribuicao e Adequou o processo ao checklist de auditoria, com 11 nao conformidades;Pendente
AVL00531;EMP0138;2025-S2;2026-01-15;Avaliacao do Gestor;EMP0164;Elias Souza Bastos;5;56,8;100;Adequou o processo ao checklist de auditoria, com 7 nao conformidades e Renegociou 13 contratos de foodservice no setor de mineracao;Concluida
AVL00532;EMP0138;2025-S2;2026-01-15;Autoavaliacao;;;5;80,1;0;Aumento de 11% no volume da regiao apos a campanha de verao e Recuperou R$ 17 mil de contas a receber em atraso;Concluida
AVL00533;EMP0139;2025-S1;2025-07-10;Avaliacao do Gestor;EMP0169;Rafaela Rodrigues Macedo;2;110,2;100;Premiacao da equipe como melhor resultado trimestral do ano e Treinou 12 novos profissionais e reduziu o turnover da regiao;Concluida
AVL00534;EMP0139;2025-S1;2025-07-10;Autoavaliacao;;;1;132,3;0;Implantou a rota de entrega 28 no interior da unidade e Adequou o processo ao checklist de auditoria, com 5 nao conformidades;Concluida
AVL00535;EMP0139;2025-S2;2026-01-15;Avaliacao do Gestor;EMP0169;Rafaela Rodrigues Macedo;2;118,0;100;Implantou a rota de entrega 16 no interior da unidade;Pendente
AVL00536;EMP0139;2025-S2;2026-01-15;Autoavaliacao;;;1;126,4;0;Entregou o planejamento de demanda com 14 semanas de antecipacao e Adequou o processo ao checklist de auditoria, com 8 nao conformidades;Concluida
AVL00537;EMP0140;2025-S1;2025-07-10;Avaliacao do Gestor;EMP0173;Rosana Teixeira;2;123,3;100;Premiacao da equipe como melhor resultado trimestral do ano;Concluida
AVL00538;EMP0140;2025-S1;2025-07-10;Autoavaliacao;;;2;146,7;0;Abriu 19 novos pontos de venda no canal de foodservice e Implantou a rota de entrega 13 no interior da unidade;Concluida
AVL00539;EMP0140;2025-S2;2026-01-15;Avaliacao do Gestor;EMP0173;Rosana Teixeira;3;117,5;100;Adequou o processo ao checklist de auditoria, com 8 nao conformidades;Concluida
AVL00540;EMP0140;2025-S2;2026-01-15;Autoavaliacao;;;3;109,1;0;Abriu 18 novos pontos de venda no canal de foodservice e Aumento de 11% no volume da regiao apos a campanha de verao;Concluida
AVL00541;EMP0141;2025-S1;2025-07-10;Avaliacao do Gestor;EMP0158;Edson Silva Vieira;4;145,1;100;Aumento de 13% no volume da regiao apos a campanha de verao e Recuperou R$ 5 mil de contas a receber em atraso;Concluida
AVL00542;EMP0141;2025-S1;2025-07-10;Autoavaliacao;;;3;108,4;0;Adequou o processo ao checklist de auditoria, com 7 nao conformidades e Premiacao da equipe como melhor resultado trimestral do ano;Concluida
AVL00543;EMP0141;2025-S2;2026-01-15;Avaliacao do Gestor;EMP0158;Edson Silva Vieira;3;93,5;100;Reduziu 27 dias de estoque parado no centro de distribuicao;Concluida
AVL00544;EMP0141;2025-S2;2026-01-15;Autoavaliacao;;;4;86,0;0;Reduziu o indice de ruptura de 28% para menos de 3% e Aumento de 27% no volume da regiao apos a campanha de verao;Concluida
AVL00545;EMP0142;2025-S1;2025-07-10;Avaliacao do Gestor;EMP0179;Vinicius Melo Machado;4;106,5;100;Renegociou 20 contratos de foodservice no setor de mineracao;Concluida
AVL00546;EMP0142;2025-S1;2025-07-10;Autoavaliacao;;;5;105,4;0;Aumento de 20% no volume da regiao apos a campanha de verao e Renegociou 22 contratos de foodservice no setor de mineracao;Concluida
AVL00547;EMP0142;2025-S2;2026-01-15;Avaliacao do Gestor;EMP0179;Vinicius Melo Machado;4;106,3;100;Implantou a rota de entrega 7 no interior da unidade e Adequou o processo ao checklist de auditoria, com 22 nao conformidades;Concluida
AVL00548;EMP0142;2025-S2;2026-01-15;Autoavaliacao;;;3;90,7;0;Reduziu o indice de ruptura de 22% para menos de 3% e Renegociou 14 contratos de foodservice no setor de mineracao;Concluida
AVL00549;EMP0143;2025-S1;2025-07-10;Avaliacao do Gestor;EMP0182;Renata Dias;3;110,0;100;Abriu 8 novos pontos de venda no canal de foodservice;Concluida
AVL00550;EMP0143;2025-S1;2025-07-10;Autoavaliacao;;;2;136,5;0;Aumento de 22% no volume da regiao apos a campanha de verao e Implantou a rota de entrega 26 no interior da unidade;Concluida
AVL00551;EMP0143;2025-S2;2026-01-15;Avaliacao do Gestor;EMP0182;Renata Dias;3;101,4;100;Adequou o processo ao checklist de auditoria, com 11 nao conformidades;Concluida
AVL00552;EMP0143;2025-S2;2026-01-15;Autoavaliacao;;;4;75,9;0;Entregou o planejamento de demanda com 7 semanas de antecipacao e Adequou o processo ao checklist de auditoria, com 20 nao conformidades;Concluida
AVL00553;EMP0144;2025-S1;2025-07-10;Avaliacao do Gestor;EMP0162;Jonas Melo Farias;5;160,8;100;Reduziu o indice de ruptura de 11% para menos de 3%;Concluida
AVL00554;EMP0144;2025-S1;2025-07-10;Autoavaliacao;;;4;106,1;0;Implantou a rota de entrega 15 no interior da unidade;Concluida
AVL00555;EMP0144;2025-S2;2026-01-15;Avaliacao do Gestor;EMP0162;Jonas Melo Farias;4;131,9;100;Entregou o planejamento de demanda com 28 semanas de antecipacao;Concluida
AVL00556;EMP0144;2025-S2;2026-01-15;Autoavaliacao;;;4;140,9;0;Reduziu o indice de ruptura de 14% para menos de 3%;Concluida
AVL00557;EMP0146;2025-S1;2025-07-10;Avaliacao do Gestor;EMP0173;Rosana Teixeira;5;140,2;100;Reduziu 26 dias de estoque parado no centro de distribuicao e Aumento de 5% no volume da regiao apos a campanha de verao;Concluida
AVL00558;EMP0146;2025-S1;2025-07-10;Autoavaliacao;;;4;120,6;0;Treinou 4 novos profissionais e reduziu o turnover da regiao;Concluida
AVL00559;EMP0146;2025-S2;2026-01-15;Avaliacao do Gestor;EMP0173;Rosana Teixeira;5;95,9;100;Reduziu 28 dias de estoque parado no centro de distribuicao;Concluida
AVL00560;EMP0146;2025-S2;2026-01-15;Autoavaliacao;;;5;87,2;0;Implantou a rota de entrega 10 no interior da unidade e Entregou o planejamento de demanda com 19 semanas de antecipacao;Concluida
AVL00561;EMP0147;2025-S1;2025-07-10;Avaliacao do Gestor;EMP0185;Isabel Dias;2;111,7;100;Renegociou 16 contratos de foodservice no setor de mineracao;Concluida
AVL00562;EMP0147;2025-S1;2025-07-10;Autoavaliacao;;;3;78,5;0;Aumento de 9% no volume da regiao apos a campanha de verao;Concluida
AVL00563;EMP0147;2025-S2;2026-01-15;Avaliacao do Gestor;EMP0185;Isabel Dias;3;82,7;100;Recuperou R$ 27 mil de contas a receber em atraso e Reduziu o indice de ruptura de 6% para menos de 3%;Concluida
AVL00564;EMP0147;2025-S2;2026-01-15;Autoavaliacao;;;4;91,5;0;Implantou a rota de entrega 5 no interior da unidade;Concluida
AVL00565;EMP0148;2025-S1;2025-07-10;Avaliacao do Gestor;EMP0180;Samuel Rodrigues;2;107,6;100;Reduziu 24 dias de estoque parado no centro de distribuicao;Concluida
AVL00566;EMP0148;2025-S1;2025-07-10;Autoavaliacao;;;2;89,1;0;Recuperou R$ 12 mil de contas a receber em atraso;Concluida
AVL00567;EMP0148;2025-S2;2026-01-15;Avaliacao do Gestor;EMP0180;Samuel Rodrigues;3;79,1;100;Abriu 11 novos pontos de venda no canal de foodservice e Reduziu o indice de ruptura de 10% para menos de 3%;Concluida
AVL00568;EMP0148;2025-S2;2026-01-15;Autoavaliacao;;;4;51,4;0;Aumento de 22% no volume da regiao apos a campanha de verao e Reduziu o indice de ruptura de 23% para menos de 3%;Concluida
AVL00569;EMP0149;2025-S1;2025-07-10;Avaliacao do Gestor;EMP0183;Sofia Freitas;1;68,9;100;Renegociou 23 contratos de foodservice no setor de mineracao;Concluida
AVL00570;EMP0149;2025-S1;2025-07-10;Autoavaliacao;;;2;94,9;0;Recuperou R$ 7 mil de contas a receber em atraso e Abriu 22 novos pontos de venda no canal de foodservice;Concluida
AVL00571;EMP0149;2025-S2;2026-01-15;Avaliacao do Gestor;EMP0183;Sofia Freitas;2;74,8;100;Reduziu o indice de ruptura de 8% para menos de 3% e Adequou o processo ao checklist de auditoria, com 21 nao conformidades;Concluida
AVL00572;EMP0149;2025-S2;2026-01-15;Autoavaliacao;;;1;68,5;0;Adequou o processo ao checklist de auditoria, com 23 nao conformidades;Concluida
AVL00573;EMP0150;2025-S1;2025-07-10;Avaliacao do Gestor;EMP0174;Vitoria Rocha Pereira;3;107,4;100;Renegociou 20 contratos de foodservice no setor de mineracao e Treinou 26 novos profissionais e reduziu o turnover da regiao;Concluida
AVL00574;EMP0150;2025-S1;2025-07-10;Autoavaliacao;;;3;98,0;0;Recuperou R$ 21 mil de contas a receber em atraso e Adequou o processo ao checklist de auditoria, com 20 nao conformidades;Concluida
AVL00575;EMP0150;2025-S2;2026-01-15;Avaliacao do Gestor;EMP0174;Vitoria Rocha Pereira;3;88,5;100;Reduziu 16 dias de estoque parado no centro de distribuicao;Concluida
AVL00576;EMP0150;2025-S2;2026-01-15;Autoavaliacao;;;4;101,8;0;Reduziu 7 dias de estoque parado no centro de distribuicao;Concluida
AVL00577;EMP0151;2025-S1;2025-07-10;Avaliacao do Gestor;EMP0170;Geraldo Alves Guimaraes;4;76,0;100;Adequou o processo ao checklist de auditoria, com 23 nao conformidades;Concluida
AVL00578;EMP0151;2025-S1;2025-07-10;Autoavaliacao;;;4;83,5;0;Concluiu a migracao de 13 usuarios para o novo sistema de vendas e Treinou 25 novos profissionais e reduziu o turnover da regiao;Concluida
AVL00579;EMP0151;2025-S2;2026-01-15;Avaliacao do Gestor;EMP0170;Geraldo Alves Guimaraes;4;74,1;100;Adequou o processo ao checklist de auditoria, com 20 nao conformidades;Concluida
AVL00580;EMP0151;2025-S2;2026-01-15;Autoavaliacao;;;4;84,1;0;Treinou 22 novos profissionais e reduziu o turnover da regiao e Renegociou 17 contratos de foodservice no setor de mineracao;Concluida
AVL00581;EMP0152;2025-S1;2025-07-10;Avaliacao do Gestor;EMP0176;Renata Castro;3;93,3;100;Premiacao da equipe como melhor resultado trimestral do ano e Abriu 25 novos pontos de venda no canal de foodservice;Concluida
AVL00582;EMP0152;2025-S1;2025-07-10;Autoavaliacao;;;4;84,2;0;Entregou o planejamento de demanda com 18 semanas de antecipacao e Concluiu a migracao de 13 usuarios para o novo sistema de vendas;Concluida
AVL00583;EMP0152;2025-S2;2026-01-15;Avaliacao do Gestor;EMP0176;Renata Castro;3;89,4;100;Aumento de 22% no volume da regiao apos a campanha de verao;Concluida
AVL00584;EMP0152;2025-S2;2026-01-15;Autoavaliacao;;;2;103,6;0;Reduziu o indice de ruptura de 22% para menos de 3%;Concluida
AVL00585;EMP0153;2025-S1;2025-07-10;Avaliacao do Gestor;EMP0179;Vinicius Melo Machado;2;76,9;100;Reduziu 21 dias de estoque parado no centro de distribuicao;Concluida
AVL00586;EMP0153;2025-S1;2025-07-10;Autoavaliacao;;;4;112,1;0;Reduziu o indice de ruptura de 19% para menos de 3% e Concluiu a migracao de 5 usuarios para o novo sistema de vendas;Concluida
AVL00587;EMP0153;2025-S2;2026-01-15;Avaliacao do Gestor;EMP0179;Vinicius Melo Machado;3;86,0;100;Treinou 9 novos profissionais e reduziu o turnover da regiao;Concluida
AVL00588;EMP0153;2025-S2;2026-01-15;Autoavaliacao;;;3;55,3;0;Reduziu 18 dias de estoque parado no centro de distribuicao e Entregou o planejamento de demanda com 21 semanas de antecipacao;Concluida
AVL00589;EMP0154;2025-S1;2025-07-10;Avaliacao do Gestor;EMP0179;Vinicius Melo Machado;4;105,8;100;Concluiu a migracao de 28 usuarios para o novo sistema de vendas e Renegociou 20 contratos de foodservice no setor de mineracao;Concluida
AVL00590;EMP0154;2025-S1;2025-07-10;Autoavaliacao;;;2;125,9;0;Renegociou 22 contratos de foodservice no setor de mineracao;Concluida
AVL00591;EMP0154;2025-S2;2026-01-15;Avaliacao do Gestor;EMP0179;Vinicius Melo Machado;3;128,8;100;Concluiu a migracao de 19 usuarios para o novo sistema de vendas e Entregou o planejamento de demanda com 14 semanas de antecipacao;Concluida
AVL00592;EMP0154;2025-S2;2026-01-15;Autoavaliacao;;;3;162,2;0;Implantou a rota de entrega 14 no interior da unidade;Concluida
AVL00593;EMP0155;2025-S1;2025-07-10;Avaliacao do Gestor;EMP0178;Daniel Macedo;4;121,4;100;Implantou a rota de entrega 10 no interior da unidade;Concluida
AVL00594;EMP0155;2025-S1;2025-07-10;Autoavaliacao;;;4;117,1;0;Adequou o processo ao checklist de auditoria, com 8 nao conformidades;Concluida
AVL00595;EMP0155;2025-S2;2026-01-15;Avaliacao do Gestor;EMP0178;Daniel Macedo;3;121,1;100;Adequou o processo ao checklist de auditoria, com 24 nao conformidades e Concluiu a migracao de 6 usuarios para o novo sistema de vendas;Concluida
AVL00596;EMP0155;2025-S2;2026-01-15;Autoavaliacao;;;3;113,3;0;Implantou a rota de entrega 14 no interior da unidade;Pendente
AVL00597;EMP0156;2025-S1;2025-07-10;Avaliacao do Gestor;EMP0168;Rodrigo Bezerra;4;80,2;100;Treinou 10 novos profissionais e reduziu o turnover da regiao;Concluida
AVL00598;EMP0156;2025-S1;2025-07-10;Autoavaliacao;;;5;66,2;0;Renegociou 4 contratos de foodservice no setor de mineracao e Implantou a rota de entrega 18 no interior da unidade;Concluida
AVL00599;EMP0156;2025-S2;2026-01-15;Avaliacao do Gestor;EMP0168;Rodrigo Bezerra;4;89,4;100;Reduziu o indice de ruptura de 15% para menos de 3%;Concluida
AVL00600;EMP0156;2025-S2;2026-01-15;Autoavaliacao;;;3;83,7;0;Implantou a rota de entrega 10 no interior da unidade;Concluida
AVL00601;EMP0157;2025-S1;2025-07-10;Avaliacao do Gestor;EMP0193;Andre Freitas;3;59,3;100;Premiacao da equipe como melhor resultado trimestral do ano e Entregou o planejamento de demanda com 6 semanas de antecipacao;Concluida
AVL00602;EMP0157;2025-S1;2025-07-10;Autoavaliacao;;;2;23,2;0;Concluiu a migracao de 5 usuarios para o novo sistema de vendas;Concluida
AVL00603;EMP0157;2025-S2;2026-01-15;Avaliacao do Gestor;EMP0193;Andre Freitas;3;60,1;100;Implantou a rota de entrega 19 no interior da unidade;Concluida
AVL00604;EMP0157;2025-S2;2026-01-15;Autoavaliacao;;;3;63,7;0;Premiacao da equipe como melhor resultado trimestral do ano;Concluida
AVL00605;EMP0158;2025-S1;2025-07-10;Avaliacao do Gestor;EMP0195;Douglas Santos;3;57,9;100;Implantou a rota de entrega 24 no interior da unidade;Concluida
AVL00606;EMP0158;2025-S1;2025-07-10;Autoavaliacao;;;4;52,5;0;Renegociou 20 contratos de foodservice no setor de mineracao e Treinou 19 novos profissionais e reduziu o turnover da regiao;Concluida
AVL00607;EMP0158;2025-S2;2026-01-15;Avaliacao do Gestor;EMP0195;Douglas Santos;3;79,1;100;Abriu 17 novos pontos de venda no canal de foodservice e Reduziu 20 dias de estoque parado no centro de distribuicao;Concluida
AVL00608;EMP0158;2025-S2;2026-01-15;Autoavaliacao;;;2;73,7;0;Entregou o planejamento de demanda com 17 semanas de antecipacao;Concluida
AVL00609;EMP0159;2025-S1;2025-07-10;Avaliacao do Gestor;EMP0200;Luciano Medeiros;2;105,4;100;Entregou o planejamento de demanda com 18 semanas de antecipacao;Concluida
AVL00610;EMP0159;2025-S1;2025-07-10;Autoavaliacao;;;1;66,3;0;Abriu 8 novos pontos de venda no canal de foodservice;Concluida
AVL00611;EMP0159;2025-S2;2026-01-15;Avaliacao do Gestor;EMP0200;Luciano Medeiros;2;91,8;100;Renegociou 4 contratos de foodservice no setor de mineracao;Concluida
AVL00612;EMP0159;2025-S2;2026-01-15;Autoavaliacao;;;3;112,3;0;Treinou 28 novos profissionais e reduziu o turnover da regiao e Premiacao da equipe como melhor resultado trimestral do ano;Concluida
AVL00613;EMP0160;2025-S1;2025-07-10;Avaliacao do Gestor;EMP0200;Luciano Medeiros;3;79,4;100;Aumento de 28% no volume da regiao apos a campanha de verao;Concluida
AVL00614;EMP0160;2025-S1;2025-07-10;Autoavaliacao;;;3;86,8;0;Renegociou 24 contratos de foodservice no setor de mineracao e Treinou 22 novos profissionais e reduziu o turnover da regiao;Concluida
AVL00615;EMP0160;2025-S2;2026-01-15;Avaliacao do Gestor;EMP0200;Luciano Medeiros;3;56,5;100;Treinou 19 novos profissionais e reduziu o turnover da regiao;Concluida
AVL00616;EMP0160;2025-S2;2026-01-15;Autoavaliacao;;;2;44,1;0;Abriu 18 novos pontos de venda no canal de foodservice;Concluida
AVL00617;EMP0162;2025-S1;2025-07-10;Avaliacao do Gestor;EMP0192;Bianca Mendes Araujo;4;114,5;100;Treinou 27 novos profissionais e reduziu o turnover da regiao e Abriu 19 novos pontos de venda no canal de foodservice;Concluida
AVL00618;EMP0162;2025-S1;2025-07-10;Autoavaliacao;;;4;135,7;0;Concluiu a migracao de 23 usuarios para o novo sistema de vendas;Concluida
AVL00619;EMP0162;2025-S2;2026-01-15;Avaliacao do Gestor;EMP0192;Bianca Mendes Araujo;4;119,9;100;Reduziu 17 dias de estoque parado no centro de distribuicao e Treinou 15 novos profissionais e reduziu o turnover da regiao;Concluida
AVL00620;EMP0162;2025-S2;2026-01-15;Autoavaliacao;;;5;139,6;0;Adequou o processo ao checklist de auditoria, com 5 nao conformidades;Concluida
AVL00621;EMP0163;2025-S1;2025-07-10;Avaliacao do Gestor;EMP0200;Luciano Medeiros;2;86,4;100;Reduziu o indice de ruptura de 27% para menos de 3%;Concluida
AVL00622;EMP0163;2025-S1;2025-07-10;Autoavaliacao;;;3;63,6;0;Treinou 14 novos profissionais e reduziu o turnover da regiao e Adequou o processo ao checklist de auditoria, com 10 nao conformidades;Concluida
AVL00623;EMP0163;2025-S2;2026-01-15;Avaliacao do Gestor;EMP0200;Luciano Medeiros;3;67,5;100;Renegociou 7 contratos de foodservice no setor de mineracao e Concluiu a migracao de 12 usuarios para o novo sistema de vendas;Concluida
AVL00624;EMP0163;2025-S2;2026-01-15;Autoavaliacao;;;3;72,0;0;Premiacao da equipe como melhor resultado trimestral do ano;Concluida
AVL00625;EMP0164;2025-S1;2025-07-10;Avaliacao do Gestor;EMP0196;Lucas Monteiro;3;103,8;100;Abriu 26 novos pontos de venda no canal de foodservice e Adequou o processo ao checklist de auditoria, com 11 nao conformidades;Concluida
AVL00626;EMP0164;2025-S1;2025-07-10;Autoavaliacao;;;3;122,6;0;Treinou 26 novos profissionais e reduziu o turnover da regiao;Concluida
AVL00627;EMP0164;2025-S2;2026-01-15;Avaliacao do Gestor;EMP0196;Lucas Monteiro;3;114,8;100;Abriu 21 novos pontos de venda no canal de foodservice e Concluiu a migracao de 11 usuarios para o novo sistema de vendas;Concluida
AVL00628;EMP0164;2025-S2;2026-01-15;Autoavaliacao;;;3;136,2;0;Implantou a rota de entrega 4 no interior da unidade e Adequou o processo ao checklist de auditoria, com 26 nao conformidades;Concluida
AVL00629;EMP0165;2025-S1;2025-07-10;Avaliacao do Gestor;EMP0199;Rafaela Duarte;5;101,9;100;Treinou 19 novos profissionais e reduziu o turnover da regiao e Abriu 7 novos pontos de venda no canal de foodservice;Concluida
AVL00630;EMP0165;2025-S1;2025-07-10;Autoavaliacao;;;4;53,9;0;Aumento de 19% no volume da regiao apos a campanha de verao e Concluiu a migracao de 14 usuarios para o novo sistema de vendas;Concluida
AVL00631;EMP0165;2025-S2;2026-01-15;Avaliacao do Gestor;EMP0199;Rafaela Duarte;4;96,7;100;Recuperou R$ 7 mil de contas a receber em atraso e Renegociou 19 contratos de foodservice no setor de mineracao;Concluida
AVL00632;EMP0165;2025-S2;2026-01-15;Autoavaliacao;;;3;89,8;0;Aumento de 10% no volume da regiao apos a campanha de verao e Reduziu 19 dias de estoque parado no centro de distribuicao;Concluida
AVL00633;EMP0166;2025-S1;2025-07-10;Avaliacao do Gestor;EMP0200;Luciano Medeiros;1;59,7;100;Recuperou R$ 10 mil de contas a receber em atraso;Concluida
AVL00634;EMP0166;2025-S1;2025-07-10;Autoavaliacao;;;1;99,1;0;Entregou o planejamento de demanda com 28 semanas de antecipacao e Adequou o processo ao checklist de auditoria, com 4 nao conformidades;Concluida
AVL00635;EMP0166;2025-S2;2026-01-15;Avaliacao do Gestor;EMP0200;Luciano Medeiros;1;92,0;100;Treinou 8 novos profissionais e reduziu o turnover da regiao e Implantou a rota de entrega 25 no interior da unidade;Concluida
AVL00636;EMP0166;2025-S2;2026-01-15;Autoavaliacao;;;1;57,4;0;Aumento de 24% no volume da regiao apos a campanha de verao e Adequou o processo ao checklist de auditoria, com 22 nao conformidades;Concluida
AVL00637;EMP0167;2025-S1;2025-07-10;Avaliacao do Gestor;EMP0200;Luciano Medeiros;4;114,3;100;Implantou a rota de entrega 12 no interior da unidade e Reduziu o indice de ruptura de 7% para menos de 3%;Concluida
AVL00638;EMP0167;2025-S1;2025-07-10;Autoavaliacao;;;3;95,5;0;Reduziu 8 dias de estoque parado no centro de distribuicao;Pendente
AVL00639;EMP0167;2025-S2;2026-01-15;Avaliacao do Gestor;EMP0200;Luciano Medeiros;4;106,3;100;Treinou 13 novos profissionais e reduziu o turnover da regiao;Concluida
AVL00640;EMP0167;2025-S2;2026-01-15;Autoavaliacao;;;4;108,5;0;Renegociou 9 contratos de foodservice no setor de mineracao e Aumento de 19% no volume da regiao apos a campanha de verao;Concluida
AVL00641;EMP0168;2025-S1;2025-07-10;Avaliacao do Gestor;EMP0193;Andre Freitas;3;105,6;100;Renegociou 22 contratos de foodservice no setor de mineracao e Adequou o processo ao checklist de auditoria, com 9 nao conformidades;Concluida
AVL00642;EMP0168;2025-S1;2025-07-10;Autoavaliacao;;;3;93,7;0;Adequou o processo ao checklist de auditoria, com 22 nao conformidades;Concluida
AVL00643;EMP0168;2025-S2;2026-01-15;Avaliacao do Gestor;EMP0193;Andre Freitas;3;101,0;100;Treinou 6 novos profissionais e reduziu o turnover da regiao;Concluida
AVL00644;EMP0168;2025-S2;2026-01-15;Autoavaliacao;;;3;102,2;0;Abriu 12 novos pontos de venda no canal de foodservice e Reduziu o indice de ruptura de 10% para menos de 3%;Concluida
AVL00645;EMP0170;2025-S1;2025-07-10;Avaliacao do Gestor;EMP0197;Sergio Nascimento;4;133,5;100;Recuperou R$ 6 mil de contas a receber em atraso e Renegociou 11 contratos de foodservice no setor de mineracao;Concluida
AVL00646;EMP0170;2025-S1;2025-07-10;Autoavaliacao;;;2;141,8;0;Reduziu o indice de ruptura de 21% para menos de 3%;Concluida
AVL00647;EMP0170;2025-S2;2026-01-15;Avaliacao do Gestor;EMP0197;Sergio Nascimento;3;132,3;100;Aumento de 9% no volume da regiao apos a campanha de verao e Concluiu a migracao de 25 usuarios para o novo sistema de vendas;Concluida
AVL00648;EMP0170;2025-S2;2026-01-15;Autoavaliacao;;;4;107,6;0;Abriu 24 novos pontos de venda no canal de foodservice e Premiacao da equipe como melhor resultado trimestral do ano;Concluida
AVL00649;EMP0171;2025-S1;2025-07-10;Avaliacao do Gestor;EMP0196;Lucas Monteiro;3;35,0;100;Aumento de 17% no volume da regiao apos a campanha de verao;Concluida
AVL00650;EMP0171;2025-S1;2025-07-10;Autoavaliacao;;;5;88,7;0;Adequou o processo ao checklist de auditoria, com 15 nao conformidades e Abriu 24 novos pontos de venda no canal de foodservice;Concluida
AVL00651;EMP0171;2025-S2;2026-01-15;Avaliacao do Gestor;EMP0196;Lucas Monteiro;4;52,7;100;Aumento de 16% no volume da regiao apos a campanha de verao;Concluida
AVL00652;EMP0171;2025-S2;2026-01-15;Autoavaliacao;;;4;31,6;0;Reduziu 12 dias de estoque parado no centro de distribuicao e Premiacao da equipe como melhor resultado trimestral do ano;Concluida
AVL00653;EMP0172;2025-S1;2025-07-10;Avaliacao do Gestor;EMP0199;Rafaela Duarte;3;150,4;100;Reduziu o indice de ruptura de 22% para menos de 3%;Concluida
AVL00654;EMP0172;2025-S1;2025-07-10;Autoavaliacao;;;3;136,7;0;Entregou o planejamento de demanda com 7 semanas de antecipacao;Concluida
AVL00655;EMP0172;2025-S2;2026-01-15;Avaliacao do Gestor;EMP0199;Rafaela Duarte;4;120,8;100;Adequou o processo ao checklist de auditoria, com 9 nao conformidades;Concluida
AVL00656;EMP0172;2025-S2;2026-01-15;Autoavaliacao;;;5;125,4;0;Renegociou 6 contratos de foodservice no setor de mineracao e Treinou 25 novos profissionais e reduziu o turnover da regiao;Concluida
AVL00657;EMP0173;2025-S1;2025-07-10;Avaliacao do Gestor;EMP0194;Rodrigo Fernandes Lopes;3;132,0;100;Concluiu a migracao de 27 usuarios para o novo sistema de vendas e Renegociou 25 contratos de foodservice no setor de mineracao;Concluida
AVL00658;EMP0173;2025-S1;2025-07-10;Autoavaliacao;;;4;120,3;0;Reduziu 13 dias de estoque parado no centro de distribuicao e Treinou 28 novos profissionais e reduziu o turnover da regiao;Concluida
AVL00659;EMP0173;2025-S2;2026-01-15;Avaliacao do Gestor;EMP0194;Rodrigo Fernandes Lopes;4;104,3;100;Renegociou 10 contratos de foodservice no setor de mineracao;Concluida
AVL00660;EMP0173;2025-S2;2026-01-15;Autoavaliacao;;;4;118,2;0;Concluiu a migracao de 19 usuarios para o novo sistema de vendas e Premiacao da equipe como melhor resultado trimestral do ano;Concluida
AVL00661;EMP0174;2025-S1;2025-07-10;Avaliacao do Gestor;EMP0197;Sergio Nascimento;2;79,2;100;Premiacao da equipe como melhor resultado trimestral do ano e Reduziu o indice de ruptura de 16% para menos de 3%;Concluida
AVL00662;EMP0174;2025-S1;2025-07-10;Autoavaliacao;;;3;83,7;0;Treinou 22 novos profissionais e reduziu o turnover da regiao;Concluida
AVL00663;EMP0174;2025-S2;2026-01-15;Avaliacao do Gestor;EMP0197;Sergio Nascimento;3;65,0;100;Recuperou R$ 26 mil de contas a receber em atraso e Premiacao da equipe como melhor resultado trimestral do ano;Concluida
AVL00664;EMP0174;2025-S2;2026-01-15;Autoavaliacao;;;2;68,0;0;Recuperou R$ 10 mil de contas a receber em atraso;Concluida
AVL00665;EMP0175;2025-S1;2025-07-10;Avaliacao do Gestor;EMP0194;Rodrigo Fernandes Lopes;3;120,5;100;Implantou a rota de entrega 13 no interior da unidade;Concluida
AVL00666;EMP0175;2025-S1;2025-07-10;Autoavaliacao;;;2;106,5;0;Concluiu a migracao de 6 usuarios para o novo sistema de vendas e Reduziu 27 dias de estoque parado no centro de distribuicao;Concluida
AVL00667;EMP0175;2025-S2;2026-01-15;Avaliacao do Gestor;EMP0194;Rodrigo Fernandes Lopes;3;107,9;100;Recuperou R$ 19 mil de contas a receber em atraso e Abriu 23 novos pontos de venda no canal de foodservice;Concluida
AVL00668;EMP0175;2025-S2;2026-01-15;Autoavaliacao;;;4;121,3;0;Premiacao da equipe como melhor resultado trimestral do ano;Pendente
AVL00669;EMP0176;2025-S1;2025-07-10;Avaliacao do Gestor;EMP0197;Sergio Nascimento;3;74,6;100;Premiacao da equipe como melhor resultado trimestral do ano e Abriu 10 novos pontos de venda no canal de foodservice;Concluida
AVL00670;EMP0176;2025-S1;2025-07-10;Autoavaliacao;;;5;74,4;0;Implantou a rota de entrega 19 no interior da unidade e Aumento de 22% no volume da regiao apos a campanha de verao;Concluida
AVL00671;EMP0176;2025-S2;2026-01-15;Avaliacao do Gestor;EMP0197;Sergio Nascimento;4;81,5;100;Abriu 4 novos pontos de venda no canal de foodservice;Concluida
AVL00672;EMP0176;2025-S2;2026-01-15;Autoavaliacao;;;5;68,0;0;Entregou o planejamento de demanda com 27 semanas de antecipacao;Concluida
AVL00673;EMP0179;2025-S1;2025-07-10;Avaliacao do Gestor;EMP0191;Francisco Azevedo Goncalves;2;106,4;100;Recuperou R$ 13 mil de contas a receber em atraso;Concluida
AVL00674;EMP0179;2025-S1;2025-07-10;Autoavaliacao;;;3;157,5;0;Abriu 9 novos pontos de venda no canal de foodservice e Recuperou R$ 16 mil de contas a receber em atraso;Concluida
AVL00675;EMP0179;2025-S2;2026-01-15;Avaliacao do Gestor;EMP0191;Francisco Azevedo Goncalves;2;119,8;100;Implantou a rota de entrega 12 no interior da unidade e Renegociou 16 contratos de foodservice no setor de mineracao;Concluida
AVL00676;EMP0179;2025-S2;2026-01-15;Autoavaliacao;;;1;102,9;0;Renegociou 26 contratos de foodservice no setor de mineracao;Concluida
AVL00677;EMP0180;2025-S1;2025-07-10;Avaliacao do Gestor;EMP0200;Luciano Medeiros;2;41,0;100;Concluiu a migracao de 19 usuarios para o novo sistema de vendas e Adequou o processo ao checklist de auditoria, com 13 nao conformidades;Concluida
AVL00678;EMP0180;2025-S1;2025-07-10;Autoavaliacao;;;3;74,3;0;Treinou 17 novos profissionais e reduziu o turnover da regiao;Concluida
AVL00679;EMP0180;2025-S2;2026-01-15;Avaliacao do Gestor;EMP0200;Luciano Medeiros;2;48,5;100;Concluiu a migracao de 12 usuarios para o novo sistema de vendas e Abriu 18 novos pontos de venda no canal de foodservice;Concluida
AVL00680;EMP0180;2025-S2;2026-01-15;Autoavaliacao;;;3;65,8;0;Renegociou 12 contratos de foodservice no setor de mineracao e Aumento de 28% no volume da regiao apos a campanha de verao;Concluida
AVL00681;EMP0181;2025-S1;2025-07-10;Avaliacao do Gestor;EMP0192;Bianca Mendes Araujo;3;33,2;100;Reduziu 10 dias de estoque parado no centro de distribuicao e Abriu 4 novos pontos de venda no canal de foodservice;Concluida
AVL00682;EMP0181;2025-S1;2025-07-10;Autoavaliacao;;;3;63,5;0;Recuperou R$ 13 mil de contas a receber em atraso e Reduziu o indice de ruptura de 19% para menos de 3%;Concluida
AVL00683;EMP0181;2025-S2;2026-01-15;Avaliacao do Gestor;EMP0192;Bianca Mendes Araujo;3;70,3;100;Aumento de 26% no volume da regiao apos a campanha de verao e Renegociou 25 contratos de foodservice no setor de mineracao;Concluida
AVL00684;EMP0181;2025-S2;2026-01-15;Autoavaliacao;;;4;46,9;0;Reduziu 15 dias de estoque parado no centro de distribuicao e Concluiu a migracao de 11 usuarios para o novo sistema de vendas;Concluida
AVL00685;EMP0182;2025-S1;2025-07-10;Avaliacao do Gestor;EMP0199;Rafaela Duarte;2;105,2;100;Adequou o processo ao checklist de auditoria, com 15 nao conformidades;Concluida
AVL00686;EMP0182;2025-S1;2025-07-10;Autoavaliacao;;;1;129,2;0;Reduziu o indice de ruptura de 19% para menos de 3% e Adequou o processo ao checklist de auditoria, com 20 nao conformidades;Concluida
AVL00687;EMP0182;2025-S2;2026-01-15;Avaliacao do Gestor;EMP0199;Rafaela Duarte;2;104,4;100;Reduziu 19 dias de estoque parado no centro de distribuicao;Concluida
AVL00688;EMP0182;2025-S2;2026-01-15;Autoavaliacao;;;1;104,6;0;Reduziu 17 dias de estoque parado no centro de distribuicao;Concluida
AVL00689;EMP0183;2025-S1;2025-07-10;Avaliacao do Gestor;EMP0200;Luciano Medeiros;3;86,5;100;Renegociou 19 contratos de foodservice no setor de mineracao e Reduziu 27 dias de estoque parado no centro de distribuicao;Concluida
AVL00690;EMP0183;2025-S1;2025-07-10;Autoavaliacao;;;3;68,2;0;Treinou 16 novos profissionais e reduziu o turnover da regiao;Concluida
AVL00691;EMP0183;2025-S2;2026-01-15;Avaliacao do Gestor;EMP0200;Luciano Medeiros;3;73,4;100;Recuperou R$ 9 mil de contas a receber em atraso e Reduziu 16 dias de estoque parado no centro de distribuicao;Concluida
AVL00692;EMP0183;2025-S2;2026-01-15;Autoavaliacao;;;4;80,3;0;Renegociou 27 contratos de foodservice no setor de mineracao e Abriu 7 novos pontos de venda no canal de foodservice;Concluida
AVL00693;EMP0184;2025-S1;2025-07-10;Avaliacao do Gestor;EMP0196;Lucas Monteiro;2;113,8;100;Adequou o processo ao checklist de auditoria, com 10 nao conformidades;Concluida
AVL00694;EMP0184;2025-S1;2025-07-10;Autoavaliacao;;;4;115,5;0;Recuperou R$ 9 mil de contas a receber em atraso e Abriu 25 novos pontos de venda no canal de foodservice;Concluida
AVL00695;EMP0184;2025-S2;2026-01-15;Avaliacao do Gestor;EMP0196;Lucas Monteiro;3;112,7;100;Entregou o planejamento de demanda com 24 semanas de antecipacao;Concluida
AVL00696;EMP0184;2025-S2;2026-01-15;Autoavaliacao;;;4;135,1;0;Treinou 26 novos profissionais e reduziu o turnover da regiao e Concluiu a migracao de 16 usuarios para o novo sistema de vendas;Concluida
AVL00697;EMP0185;2025-S1;2025-07-10;Avaliacao do Gestor;EMP0199;Rafaela Duarte;3;120,0;100;Recuperou R$ 22 mil de contas a receber em atraso;Concluida
AVL00698;EMP0185;2025-S1;2025-07-10;Autoavaliacao;;;4;105,1;0;Aumento de 5% no volume da regiao apos a campanha de verao;Concluida
AVL00699;EMP0185;2025-S2;2026-01-15;Avaliacao do Gestor;EMP0199;Rafaela Duarte;3;80,9;100;Reduziu o indice de ruptura de 19% para menos de 3%;Concluida
AVL00700;EMP0185;2025-S2;2026-01-15;Autoavaliacao;;;2;78,5;0;Implantou a rota de entrega 5 no interior da unidade e Recuperou R$ 17 mil de contas a receber em atraso;Concluida
AVL00701;EMP0186;2025-S1;2025-07-10;Avaliacao do Gestor;EMP0200;Luciano Medeiros;3;140,1;100;Adequou o processo ao checklist de auditoria, com 13 nao conformidades;Pendente
AVL00702;EMP0186;2025-S1;2025-07-10;Autoavaliacao;;;3;130,3;0;Reduziu 15 dias de estoque parado no centro de distribuicao;Concluida
AVL00703;EMP0186;2025-S2;2026-01-15;Avaliacao do Gestor;EMP0200;Luciano Medeiros;4;123,3;100;Abriu 12 novos pontos de venda no canal de foodservice e Implantou a rota de entrega 26 no interior da unidade;Concluida
AVL00704;EMP0186;2025-S2;2026-01-15;Autoavaliacao;;;3;157,4;0;Entregou o planejamento de demanda com 8 semanas de antecipacao e Abriu 14 novos pontos de venda no canal de foodservice;Concluida
AVL00705;EMP0187;2025-S1;2025-07-10;Avaliacao do Gestor;EMP0191;Francisco Azevedo Goncalves;3;58,3;100;Recuperou R$ 24 mil de contas a receber em atraso e Renegociou 26 contratos de foodservice no setor de mineracao;Concluida
AVL00706;EMP0187;2025-S1;2025-07-10;Autoavaliacao;;;3;66,5;0;Aumento de 24% no volume da regiao apos a campanha de verao;Concluida
AVL00707;EMP0187;2025-S2;2026-01-15;Avaliacao do Gestor;EMP0191;Francisco Azevedo Goncalves;3;53,3;100;Renegociou 6 contratos de foodservice no setor de mineracao e Premiacao da equipe como melhor resultado trimestral do ano;Concluida
AVL00708;EMP0187;2025-S2;2026-01-15;Autoavaliacao;;;3;62,6;0;Concluiu a migracao de 22 usuarios para o novo sistema de vendas e Abriu 16 novos pontos de venda no canal de foodservice;Concluida
AVL00709;EMP0188;2025-S1;2025-07-10;Avaliacao do Gestor;EMP0191;Francisco Azevedo Goncalves;4;86,3;100;Concluiu a migracao de 28 usuarios para o novo sistema de vendas e Aumento de 11% no volume da regiao apos a campanha de verao;Concluida
AVL00710;EMP0188;2025-S1;2025-07-10;Autoavaliacao;;;4;102,0;0;Aumento de 10% no volume da regiao apos a campanha de verao e Recuperou R$ 24 mil de contas a receber em atraso;Concluida
AVL00711;EMP0188;2025-S2;2026-01-15;Avaliacao do Gestor;EMP0191;Francisco Azevedo Goncalves;4;80,7;100;Treinou 8 novos profissionais e reduziu o turnover da regiao;Concluida
AVL00712;EMP0188;2025-S2;2026-01-15;Autoavaliacao;;;4;92,2;0;Abriu 15 novos pontos de venda no canal de foodservice e Treinou 20 novos profissionais e reduziu o turnover da regiao;Concluida
AVL00713;EMP0189;2025-S1;2025-07-10;Avaliacao do Gestor;EMP0161;Olivia Rodrigues;2;97,2;100;Renegociou 28 contratos de foodservice no setor de mineracao;Concluida
AVL00714;EMP0189;2025-S1;2025-07-10;Autoavaliacao;;;3;105,8;0;Premiacao da equipe como melhor resultado trimestral do ano;Concluida
AVL00715;EMP0189;2025-S2;2026-01-15;Avaliacao do Gestor;EMP0161;Olivia Rodrigues;3;94,6;100;Implantou a rota de entrega 13 no interior da unidade;Concluida
AVL00716;EMP0189;2025-S2;2026-01-15;Autoavaliacao;;;2;86,6;0;Reduziu 13 dias de estoque parado no centro de distribuicao e Reduziu o indice de ruptura de 16% para menos de 3%;Concluida
AVL00717;EMP0190;2025-S1;2025-07-10;Avaliacao do Gestor;EMP0173;Rosana Teixeira;3;88,5;100;Concluiu a migracao de 26 usuarios para o novo sistema de vendas e Renegociou 18 contratos de foodservice no setor de mineracao;Concluida
AVL00718;EMP0190;2025-S1;2025-07-10;Autoavaliacao;;;4;77,8;0;Recuperou R$ 8 mil de contas a receber em atraso;Concluida
AVL00719;EMP0190;2025-S2;2026-01-15;Avaliacao do Gestor;EMP0173;Rosana Teixeira;3;91,4;100;Treinou 8 novos profissionais e reduziu o turnover da regiao e Concluiu a migracao de 27 usuarios para o novo sistema de vendas;Concluida
AVL00720;EMP0190;2025-S2;2026-01-15;Autoavaliacao;;;4;92,2;0;Treinou 17 novos profissionais e reduziu o turnover da regiao e Renegociou 18 contratos de foodservice no setor de mineracao;Concluida
AVL00721;EMP0191;2025-S1;2025-07-10;Avaliacao do Gestor;EMP0180;Samuel Rodrigues;3;121,6;100;Premiacao da equipe como melhor resultado trimestral do ano e Entregou o planejamento de demanda com 20 semanas de antecipacao;Concluida
AVL00722;EMP0191;2025-S1;2025-07-10;Autoavaliacao;;;3;108,1;0;Reduziu 18 dias de estoque parado no centro de distribuicao;Concluida
AVL00723;EMP0191;2025-S2;2026-01-15;Avaliacao do Gestor;EMP0180;Samuel Rodrigues;3;108,5;100;Aumento de 11% no volume da regiao apos a campanha de verao e Adequou o processo ao checklist de auditoria, com 17 nao conformidades;Concluida
AVL00724;EMP0191;2025-S2;2026-01-15;Autoavaliacao;;;3;114,4;0;Aumento de 18% no volume da regiao apos a campanha de verao;Concluida
AVL00725;EMP0192;2025-S1;2025-07-10;Avaliacao do Gestor;EMP0168;Rodrigo Bezerra;2;79,9;100;Abriu 19 novos pontos de venda no canal de foodservice e Reduziu o indice de ruptura de 16% para menos de 3%;Concluida
AVL00726;EMP0192;2025-S1;2025-07-10;Autoavaliacao;;;2;89,8;0;Abriu 25 novos pontos de venda no canal de foodservice;Concluida
AVL00727;EMP0192;2025-S2;2026-01-15;Avaliacao do Gestor;EMP0168;Rodrigo Bezerra;3;75,1;100;Reduziu o indice de ruptura de 8% para menos de 3% e Implantou a rota de entrega 9 no interior da unidade;Concluida
AVL00728;EMP0192;2025-S2;2026-01-15;Autoavaliacao;;;4;84,0;0;Reduziu 26 dias de estoque parado no centro de distribuicao e Abriu 25 novos pontos de venda no canal de foodservice;Concluida
AVL00729;EMP0193;2025-S1;2025-07-10;Avaliacao do Gestor;EMP0181;Ricardo Martins;3;77,8;100;Abriu 4 novos pontos de venda no canal de foodservice e Premiacao da equipe como melhor resultado trimestral do ano;Concluida
AVL00730;EMP0193;2025-S1;2025-07-10;Autoavaliacao;;;3;116,2;0;Renegociou 22 contratos de foodservice no setor de mineracao e Treinou 13 novos profissionais e reduziu o turnover da regiao;Concluida
AVL00731;EMP0193;2025-S2;2026-01-15;Avaliacao do Gestor;EMP0181;Ricardo Martins;2;78,2;100;Treinou 25 novos profissionais e reduziu o turnover da regiao;Concluida
AVL00732;EMP0193;2025-S2;2026-01-15;Autoavaliacao;;;1;81,1;0;Implantou a rota de entrega 17 no interior da unidade;Concluida
AVL00733;EMP0194;2025-S1;2025-07-10;Avaliacao do Gestor;EMP0171;Diego Silva;4;39,1;100;Implantou a rota de entrega 20 no interior da unidade e Reduziu 18 dias de estoque parado no centro de distribuicao;Concluida
AVL00734;EMP0194;2025-S1;2025-07-10;Autoavaliacao;;;2;29,6;0;Adequou o processo ao checklist de auditoria, com 9 nao conformidades;Concluida
AVL00735;EMP0194;2025-S2;2026-01-15;Avaliacao do Gestor;EMP0171;Diego Silva;3;52,1;100;Premiacao da equipe como melhor resultado trimestral do ano e Reduziu o indice de ruptura de 16% para menos de 3%;Pendente
AVL00736;EMP0194;2025-S2;2026-01-15;Autoavaliacao;;;4;53,4;0;Aumento de 22% no volume da regiao apos a campanha de verao;Concluida
AVL00737;EMP0195;2025-S1;2025-07-10;Avaliacao do Gestor;EMP0180;Samuel Rodrigues;2;72,5;100;Concluiu a migracao de 28 usuarios para o novo sistema de vendas e Treinou 21 novos profissionais e reduziu o turnover da regiao;Concluida
AVL00738;EMP0195;2025-S1;2025-07-10;Autoavaliacao;;;2;78,3;0;Treinou 17 novos profissionais e reduziu o turnover da regiao e Premiacao da equipe como melhor resultado trimestral do ano;Concluida
AVL00739;EMP0195;2025-S2;2026-01-15;Avaliacao do Gestor;EMP0180;Samuel Rodrigues;3;63,7;100;Abriu 14 novos pontos de venda no canal de foodservice e Treinou 17 novos profissionais e reduziu o turnover da regiao;Concluida
AVL00740;EMP0195;2025-S2;2026-01-15;Autoavaliacao;;;4;69,7;0;Renegociou 10 contratos de foodservice no setor de mineracao e Implantou a rota de entrega 14 no interior da unidade;Pendente
AVL00741;EMP0196;2025-S1;2025-07-10;Avaliacao do Gestor;EMP0165;Leandro Santos;5;82,8;100;Implantou a rota de entrega 27 no interior da unidade e Adequou o processo ao checklist de auditoria, com 22 nao conformidades;Concluida
AVL00742;EMP0196;2025-S1;2025-07-10;Autoavaliacao;;;4;78,8;0;Treinou 19 novos profissionais e reduziu o turnover da regiao e Implantou a rota de entrega 13 no interior da unidade;Concluida
AVL00743;EMP0196;2025-S2;2026-01-15;Avaliacao do Gestor;EMP0165;Leandro Santos;4;77,5;100;Adequou o processo ao checklist de auditoria, com 28 nao conformidades;Concluida
AVL00744;EMP0196;2025-S2;2026-01-15;Autoavaliacao;;;5;40,7;0;Aumento de 12% no volume da regiao apos a campanha de verao e Treinou 22 novos profissionais e reduziu o turnover da regiao;Concluida
AVL00745;EMP0197;2025-S1;2025-07-10;Avaliacao do Gestor;EMP0174;Vitoria Rocha Pereira;3;123,0;100;Adequou o processo ao checklist de auditoria, com 6 nao conformidades e Concluiu a migracao de 22 usuarios para o novo sistema de vendas;Concluida
AVL00746;EMP0197;2025-S1;2025-07-10;Autoavaliacao;;;2;108,0;0;Reduziu o indice de ruptura de 14% para menos de 3%;Concluida
AVL00747;EMP0197;2025-S2;2026-01-15;Avaliacao do Gestor;EMP0174;Vitoria Rocha Pereira;2;91,7;100;Reduziu 26 dias de estoque parado no centro de distribuicao e Reduziu o indice de ruptura de 23% para menos de 3%;Concluida
AVL00748;EMP0197;2025-S2;2026-01-15;Autoavaliacao;;;1;62,7;0;Entregou o planejamento de demanda com 23 semanas de antecipacao;Concluida
AVL00749;EMP0198;2025-S1;2025-07-10;Avaliacao do Gestor;EMP0160;Beatriz Santos Rodrigues;2;94,1;100;Adequou o processo ao checklist de auditoria, com 8 nao conformidades e Entregou o planejamento de demanda com 27 semanas de antecipacao;Concluida
AVL00750;EMP0198;2025-S1;2025-07-10;Autoavaliacao;;;2;80,7;0;Renegociou 5 contratos de foodservice no setor de mineracao;Concluida
AVL00751;EMP0198;2025-S2;2026-01-15;Avaliacao do Gestor;EMP0160;Beatriz Santos Rodrigues;2;90,0;100;Abriu 5 novos pontos de venda no canal de foodservice;Concluida
AVL00752;EMP0198;2025-S2;2026-01-15;Autoavaliacao;;;2;79,6;0;Concluiu a migracao de 19 usuarios para o novo sistema de vendas e Renegociou 27 contratos de foodservice no setor de mineracao;Concluida
AVL00753;EMP0199;2025-S1;2025-07-10;Avaliacao do Gestor;EMP0184;Marcos Nascimento Marques;3;47,7;100;Treinou 26 novos profissionais e reduziu o turnover da regiao;Concluida
AVL00754;EMP0199;2025-S1;2025-07-10;Autoavaliacao;;;5;62,3;0;Implantou a rota de entrega 5 no interior da unidade;Concluida
AVL00755;EMP0199;2025-S2;2026-01-15;Avaliacao do Gestor;EMP0184;Marcos Nascimento Marques;4;68,9;100;Aumento de 4% no volume da regiao apos a campanha de verao e Premiacao da equipe como melhor resultado trimestral do ano;Concluida
AVL00756;EMP0199;2025-S2;2026-01-15;Autoavaliacao;;;3;68,9;0;Renegociou 26 contratos de foodservice no setor de mineracao;Concluida
AVL00757;EMP0200;2025-S1;2025-07-10;Avaliacao do Gestor;EMP0172;Francisca Melo;2;142,0;100;Concluiu a migracao de 28 usuarios para o novo sistema de vendas;Concluida
AVL00758;EMP0200;2025-S1;2025-07-10;Autoavaliacao;;;3;140,8;0;Treinou 18 novos profissionais e reduziu o turnover da regiao e Reduziu o indice de ruptura de 7% para menos de 3%;Concluida
AVL00759;EMP0200;2025-S2;2026-01-15;Avaliacao do Gestor;EMP0172;Francisca Melo;2;104,9;100;Recuperou R$ 24 mil de contas a receber em atraso e Adequou o processo ao checklist de auditoria, com 23 nao conformidades;Concluida
AVL00760;EMP0200;2025-S2;2026-01-15;Autoavaliacao;;;1;93,6;0;Abriu 4 novos pontos de venda no canal de foodservice e Entregou o planejamento de demanda com 28 semanas de antecipacao;Concluida
